path,status,original_sha256,final_sha256
API_CONTRACT_V2.md,added,,c00114a5fe79dfee61d4489f898d0411c15c880e2a2a9f44fc14e531914634c9
INTEGRATION_TEST_REPORT.md,modified,d4eff734529e4db37b6b53d9d92c5abac865492ad7f95565e04eca6b4a8ec225,46738b80729aa58c030481f814e30cbe0034a35069cce5fb76e71333902e395e
README.md,modified,9b1574ee4b6ab6d4f25e2f58a789d9cff95fe21ff02c33888196528420425582,797362718735b5852922d50653f96865d7bc365a73ffb31c9ddd85d66882ce59
TECHNICAL_FIX_REPORT.md,added,,574afc02d0376a1f240210a589cd224fe583edc094a1ec3ff1662b3989376a9f
agents/wanghao-day3/README.md,modified,ab6a561da04e738b68999926860db52f6e190a40670b0117a38b172f5af0fe71,1f804050fe81fa5ccb10117d828b59470bafa39fc53eba3e4f128cfc23bf39a3
agents/wanghao-day3/agent_day3/mc_review_compat.py,modified,a1c423cc9089ff9d9380823b108dfd1adacece0905510a3d53d0a386a12adf48,51b8858aedc6e60992604408877b01895579520dfaf1ab57d8a7262c0d1670c9
agents/wanghao-day3/agent_day3/tests/test_mc_parent_integration.py,modified,9f5cb141681990bf0ef390108d3f04415f212f7a0cd55beedbd5a77512acb452,73f67375951ac7973722eb433dda7075d9fcef12d655f41ad6b403a5ea193620
agents/wanghao-day3/reference/jinzhu_day3/source_pins.json,modified,24b92526f5b0cd7fd68122a8f3a7a6d598389bc6c23ec3d52382d6e7ab3e864a,991d803b1fcca02191bb1a40de368255c461af796bdd51b1d227798afbb0fe86
agents/wanghao-day3/reference/jinzhu_day3/source_pins.original-supplied.json,added,,0723e673163e9fbfb87275ac1fd72225b1186e0bd3921c58eb35921374c8f04f
backend/backend/.env.example,modified,5b8ab35647a88313e2d8c79324b041f158fc4edd8d6e33ba450cb29bc6b4de2b,a2de7316a5e9eeb28e71f6ca555534928db24116f538ac088cd4de2aa7611aec
backend/backend/CONFIGURATION_AND_VERIFIERS.md,modified,34ed0946dd7636986d0977ad930ce416b0bb59ee3004973fae4236423a943445,ca3da14a5ca15b87ec03db098c263ad2eba5a4e48b7ea5db2c97b71e991629bd
backend/backend/README.md,modified,ae7cd58c5e055ca4699e8e9107bbdb1dacc109d7631794e88ffebe68e5fc1791,0429e3f684f7b962aae63cbe00fb47f4a53db84a255bbdc8f202549eb10e94e8
backend/backend/app/release_verifiers.py,modified,6b1870dd3f43778110ead5faffe1b8b6c0b679f2cde9de54a13cbb206d45ba7c,b3d0ff6f0a79fc539ec6593c940aea9d091eac3bdd45ac1f858478194bb752b0
backend/backend/config/templates/policy_approval_record.template.json,modified,3f88adcb82aad0b8128eb3afa1b3c534a3c0b8855e4ba882323a354a7d7ae70e,da708b3e1edd491569fd003c65b9ca91593715369c5c53590575cdf4b436b603
backend/backend/reviewed/wang-2026-10-07/WangHao-human-confirmation.docx,added,,588ea89123cfeb69ad9b904bd0cef4f2272407db39b3ee70ea8c0ae71bd53310
backend/backend/reviewed/wang-2026-10-07/review_record.json,added,,6eb833045626f1af67bc87b8b938fa1679a9e15eae0a15675629615ad435fe66
backend/backend/reviewed/wang-2026-10-07/reviewed_contract.json,added,,ecc76631c816c99f90b91ef974af53ce0100ca66f1503c92a2099bbd436ebb3d
backend/backend/scripts/start_review_gated.py,added,,6ea48aa0c73e13645cff77f78304935538986c2d4658f234c857637ec204a9d3
backend/backend/tests/test_gated_service.py,modified,09f02d177a14f2b63b2fd6fd1f2bb011c5e16229bb1036323c5cd5787f30ae76,b6d2362ed393a69b5cfd23db1444a3848da791c814d7cf683ea19050ef5a7650
frontend/README.md,modified,bfc994cf3ac1f54de6ef0a152d51fed632ed28a4836564022536c018e4776cbb,f27b500f9858c3ecdb984d9b5cd35212ed05f38b2ae7a4ef8766c68b998c4ef3
frontend/app/globals.css,modified,f4b8ac8d66477efa2eb8d7fa3018c39c20670583b2b0f130c6e9d3238ee93e62,3b3b1dcb0f72a6132ba500d6748bd0b5dde679f1b28f5d8fab25544abab651af
frontend/components/detail-modal.tsx,modified,2e3f2e3ba13e17cdc7789bdc63dd156e006b412cf4f315071c863ad03db432da,fac4a08b7b60e996e50a638a17d1b51760de4d42fcf888bf1816b8526f5dd9ff
frontend/lib/contracts-v2-dev.ts,modified,15f034c6b95f69581e3598243dcef8767effbeff9e08ce5fd54e7aa5e1d8f2e4,c75cfe4272e4d3e6183c35a10e2da87e308ca088676d6abf65305a77cb9647aa
frontend/lib/contracts-v2.ts,added,,2bccbd340b475e4759fdf42ebfd5748f3b65006ff792bf11fca2060113e054af
frontend/lib/simulate-api.ts,modified,cfdd0292b2f5d73e7aa4881e72f49a8912d4905d17e6e6c6c53410ee83bd1e44,402223b43f51667ea8732ffd5879314b0062f4500e881ec3c666d7e65c247808
frontend/lib/types.ts,modified,5e0fff738cdd4334fa207b61ec74e7de906bb6d5b51947e1a616ef6760187ebf,1ce216ca84b4d46bcd3bfa0a2cf50397617b641912c0a75bf5cb14b38866e6e3
frontend/tests/fixtures/reviewed-v2-TEST_FIXTURE_ONLY.json,added,,93fd3736530d09bea2eda7af0ea03548aa4af5148b23fd1b014a231a034f2716
frontend/tests/simulate-api.test.mjs,modified,a16e2e1bb7ba8967efdcdee33be6a3ff95f6a6ef05adea8c5e69a7ef67e0fb79,b5d28a29bfbb67637ed4e600ccffe8f72ee2d988380fc121d8a2bb4030922fc9
release-pending/README.md,added,,13406468f02d710984a116a0cc67d2cae77264fb4ecc496f082dc96a993be2b3
release-pending/model_policy.UNAPPROVED.json,added,,be10983e7e3c719b6c1c0cf10067cc813c497b4be66671037b13febaae6a9f56
release-pending/policy_approval.PENDING.json,added,,b9125965101fa3b3ffc19ad1d6d4a9dce77d6871ba04254812d5e8b3a0da3f6c
release-pending/trace_release.PENDING.json,added,,b553734838ae7b1553d5e76179bd611580ac77ef7cbed89c735723da62924d42
verification/README.md,added,,068bd8e33f72f3229e037b60c70487e1c84e04ddac7ce6525c76b7c52d264de2
verification/brief-final-desktop.png,added,,cd61981ebd9daa95b55f30d0a062de3fab628aca97c1e1ee7f7939bc40c91c8f
verification/brief-final-mobile.png,added,,fb2e7887e6c8462bcd5be0703eef018a5bf300f2b08c503b86f573658c697dda
verification/final-backend-tests.log,added,,f4748e401e3c59af071c912e6bd46903915b5873caeef1a4affb423ee0b9ba42
verification/final-build.log,added,,9ec05541a426fe7acdef469687d18c6e60c7bd6cb6dcacc65628d5144c3ba4d4
verification/final-frontend-tests.log,added,,b1e2d0935e50f18c14909256654b65eabc375a7e8781b8f6c71b8bb1554c195f
verification/final-lint.log,added,,e3b0c44298fc1c149afbf4c8996fb92427ae41e4649b934ca495991b7852b855
verification/final-production-tests.log,added,,75c78dfe99d1ebdb988d1ac0240881adfa4096d8cfbfedcf4c806e1e45e99baf
verification/final-typecheck.log,added,,e3b0c44298fc1c149afbf4c8996fb92427ae41e4649b934ca495991b7852b855
verification/matrix-final-desktop.png,added,,8df44d5e27d2d1fc99f337487baa4b6f5af5ad47ee992609d00ad8de503326db
verification/matrix-final-mobile.png,added,,3754ad6c0a1265e2d9a32d067397adff19ac45b0fab0d6cbd4e8f9f7ea5a212c
verification/no-feasible-final.png,added,,e18a55a19af0b9b28b803f203ab75b0848463a6b3799159e941a23c19ab9cf14
verification/wang-final-tests.log,added,,c74906c73df124b7b10ec2bd8dca1a471c96c7eab0417c974f8f20bcb16d03ad
