path,change,original_sha256,delivered_sha256
agents/wanghao-day3/agent_day4/allocation.py,MODIFIED,2d379651f13ba9d8e9d127188cf96950831f98bec0dc3c9f99c6ec9e056b6a70,f30356149cdae70bcfc040f1337e3fae69d5f7e8bd624dc75f5f5c3f8b943df4
agents/wanghao-day3/agent_day4/business.py,MODIFIED,cad89fa8153335bf68c1c6aaafefcf715465d2d8e1bc2f90ca30b52538cbf644,b1548ba4398c5111d266ed57f8e53176e9e0acbc7739fd3e132c3f10c35ac9c6
agents/wanghao-day3/agent_day4/numeric.py,MODIFIED,efcd45b4b394a07489845762e59b18ff717a48936b2df98181c546926d690c47,4b3c765db2dba6351c82056f27cc584bae0358ace8a0b6bf1fde115822cb9af6
agents/wanghao-day3/agent_day4/openrouter_provider.py,MODIFIED,425385132a13ac84044e94895c169bc6b82310303ddfd18cf246fb93d9b0770c,c94e185643a235accdd602f4846984022fc49b0697c57ee3fa6dbafd52ba2a2e
agents/wanghao-day3/agent_day4/pipeline.py,MODIFIED,ae53c05f88bb45cbbf07fe8c14966f5e40bbf0348f45fd276419a07e97adb8eb,97eb18a329f7ee531fe9a0f802cbba1a9c3cd7ffbc304a0ac631b8ee01f50f54
agents/wanghao-day3/tests/test_day4_codex_semantics.py,ADDED,,eedbe579e1c6af0dee67248f2e8811c38d406e07b686d650bd51923257a25445
agents/wanghao-day3/tests/test_day4_openrouter.py,MODIFIED,2b084e3325bb9177bebbf17f37294dcb54f6e7320714ab739b139ce974bd47e6,224886115c81769806f419b3d5fc2a1b3232082aefc58a7af0962e13fae56cb6
agents/wanghao-day3/tests/test_day4_real_failure_regressions.py,MODIFIED,6c670a00c7bee1f5c5ce94ff4508240d0354ad36f3a36738e3d6f63683f4d141,f218a5a86fba0e74d2dad68bb8eaaa5a0c3d2189e8a32c5f348aacc3b5affd52
DAY4_ACCEPTANCE_REPORT.md,MODIFIED,76e20a435b06a649ee1db7f729e98e277af315318db9ac0231188fea964bbbd2,a5d145d1994671da0f34bffa798e853cf850c963de69c58d31d369fdf75c4092
DAY4_HANDOFF_TO_DENG.md,MODIFIED,172292c82b8b4ce7b519e40085b4275a62bfb46420c6cf2d0bb4c9e91b32fbd4,6d90112707f68d58b3ce229e5f1e1c75e84ed8a6306db6c912a99ee901e21852
DAY4_TEST_REPORT.md,MODIFIED,32b2f9662a20150affa6de213e3266329da4996782d209233515fd4dd52c9951,1ed02946cb1d7b2ceccdeae65880fab3786944f9ffc06fcb22c5416686bf7889
FINAL_DELIVERY_REPORT.md,ADDED,,9a9c2f730dcaf965da8f52173b47a0a8e4ad9f658b22b8e04bba7d073076bdcd
OPENROUTER_INTEGRATION.md,MODIFIED,81e886fe48c81a30ed3b8e9b6109024a51d77cc8c5f091012ce35426432b38d1,2f16f0c522f5484d2d8443ba91bbe6d5d356c9556e0632b5f51b86cc0fea4d1d
README.md,MODIFIED,da950f84590a12bfebe4d0f43597852a5944beba2d3d0aa9e83b6b321cfdd470,05b5c3fe7ae435a740ef478ed3dd00ab2eae48cd1fc998214dc205c2c55cdcf6
scripts/test_codex_development_contract.mjs,ADDED,,c326b1871f39ab1ace2582034594f35096fe61ff2b72fc021d8ac37610b7ba1f
scripts/verify_day4_codex_final.py,ADDED,,92dd2271cb1706c432a880481951b76fdf0d48df16f79dea0219253dbf147cbe
verification/wang_day4/codex_final_revision/attempt2/final_openrouter_evidence.json,ADDED,,2ed015f0412a2e3f44fe092b9b676c2856ae6f43f7efe620458bab5b1a2482c9
verification/wang_day4/codex_final_revision/attempt3/final_openrouter_evidence.json,ADDED,,fe213472d76421aa018c52f951634e96eff760d0fadd19316407ce0b41107763
verification/wang_day4/codex_final_revision/attempt4/final_openrouter_evidence.json,ADDED,,85dd455f19e3da3cc3d8301d31c6c7db8f2d87817d75319336bf686132e174b1
verification/wang_day4/codex_final_revision/attempt4/fresh_full_pipeline.json,ADDED,,8eabf1336c381e4c6f304b30194bd2823d3d7bfb1700f7009b762ab3bcb8a4f6
verification/wang_day4/codex_final_revision/attempt5/final_openrouter_evidence.json,ADDED,,78ddbdde0d06ef7d05d4a38b24c74387174ecb86f9db19f3eb19bec17c25df8e
verification/wang_day4/codex_final_revision/attempt6/final_openrouter_evidence.json,ADDED,,5a53841a989ebb939b47b2cfb2878871019d869f0b5fd042b73c5a72765ae5ed
verification/wang_day4/codex_final_revision/attempt6/fresh_full_pipeline.json,ADDED,,027415bc3955908ef90c30e52793345a5c2890b719ea22bd780c7da6eee8c60c
verification/wang_day4/codex_final_revision/COST_SUMMARY.json,ADDED,,603f6c9de7ef6cacf254ce975b5717422ab2666f62d6fc46c95a82b2f16d3fdc
verification/wang_day4/codex_final_revision/final/final_openrouter_evidence.json,ADDED,,89be3fc281206394841e62f29885d9056352d7f4b9fa792adea4d07f195341b2
verification/wang_day4/codex_final_revision/final_accepted/final_openrouter_evidence.json,ADDED,,c913cd384ccf80210e796043870d7362325e6c97b8d3cdefb5d3d7e85708ae6b
verification/wang_day4/codex_final_revision/final_accepted/fresh_full_pipeline.json,ADDED,,ebd95dee464c21ef9a017c3e09680b801aa1f0c9a3df7bc2be29f29e59e9c10e
verification/wang_day4/codex_final_revision/FINAL_RUNTIME_ATTESTATION.json,ADDED,,b96da0014326b4f8951ce14b17f79868dbfccc18ff3b87cbb67cc3b0ed0f946d
verification/wang_day4/codex_final_revision/final_verified/final_openrouter_evidence.json,ADDED,,b6327581483c0b3997ccfe2d1d87041477015c9eca73b1cbb92bf1ec2b521b69
verification/wang_day4/codex_final_revision/final_verified/fresh_full_pipeline.json,ADDED,,175c7066ca9dbfaad03d9429fdbc7569fa3650406401a1d8e40e848e18a3823c
verification/wang_day4/codex_final_revision/live/final_openrouter_evidence.json,ADDED,,98d1466a7da434ae2993d1adbf2a5ea34ea8ff07b56c5314303ee1bc69e09e10
verification/wang_day4/codex_final_revision/logs/ai_tests_windows.log,ADDED,,d31d5a0202f87c7113dbe056a24162f3db9ad7f421d0d9018237db9765ca8815
verification/wang_day4/codex_final_revision/logs/backend_tests.log,ADDED,,1d80235e147735a377342ea418f3ea2684092dba88e665e0cb4c9469f5b8d142
verification/wang_day4/codex_final_revision/logs/frontend_check.log,ADDED,,306400e34b164486030fcb45da17aeae5e5fa61f3edd3a58ad797e63e57e6609
verification/wang_day4/codex_final_revision/prior_delivery_documents/DAY4_ACCEPTANCE_REPORT.md,ADDED,,76e20a435b06a649ee1db7f729e98e277af315318db9ac0231188fea964bbbd2
verification/wang_day4/codex_final_revision/prior_delivery_documents/DAY4_HANDOFF_TO_DENG.md,ADDED,,172292c82b8b4ce7b519e40085b4275a62bfb46420c6cf2d0bb4c9e91b32fbd4
verification/wang_day4/codex_final_revision/prior_delivery_documents/DAY4_TEST_REPORT.md,ADDED,,32b2f9662a20150affa6de213e3266329da4996782d209233515fd4dd52c9951
verification/wang_day4/codex_final_revision/prior_delivery_documents/OPENROUTER_INTEGRATION.md,ADDED,,81e886fe48c81a30ed3b8e9b6109024a51d77cc8c5f091012ce35426432b38d1
verification/wang_day4/codex_final_revision/prior_delivery_documents/README.md,ADDED,,da950f84590a12bfebe4d0f43597852a5944beba2d3d0aa9e83b6b321cfdd470
verification/wang_day4/codex_final_revision/prior_delivery_documents/WINDOWS_COMPATIBILITY.md,ADDED,,7730dbbff13a705377270a9007e3bc9da43334338f5c553a2db556125f15d7a7
verification/wang_day4/codex_final_revision/PROTECTED_SOURCE_CHECK.json,ADDED,,1e512f015ddd26c826065719517caf54bb3599ea0e39e6fccadbcafb25911764
verification/wang_day4/live/openrouter/codex_authorization_attempt2_consumed.json,ADDED,,edbd8bc2820b172d038832e4027ed9bcca39fffad87d31a64d5166530fdd5958
verification/wang_day4/live/openrouter/codex_authorization_attempt3_consumed.json,ADDED,,a3c5123aba8083d3791c4a8615eece7278a49417f4b9b93b4d1f9a84deefe4b8
verification/wang_day4/live/openrouter/codex_authorization_attempt4_consumed.json,ADDED,,a1d67d549ea567d991d5a3ef6c3bbe3d8579ac1d538b091e5cf337c6f61eae6e
verification/wang_day4/live/openrouter/codex_authorization_attempt5_consumed.json,ADDED,,c8a8da2d280d6731c77fccfe59130f5d5b0db7ff6b12a8385618eafca488c344
verification/wang_day4/live/openrouter/codex_authorization_attempt6_consumed.json,ADDED,,2c0baad1f775524773ee9dda53faf9af3b3926c4ee275b05cc667b2388b75e8d
verification/wang_day4/live/openrouter/codex_authorization_final_accepted_consumed.json,ADDED,,ad54979a4025479394bc55970ee3927e0c92119fb700a612fa7a15a5d0cf7ed7
verification/wang_day4/live/openrouter/codex_authorization_final_consumed.json,ADDED,,7f85127117c6aea7a9ad52d4987c91db69cf9e7d4fe8c7ac29f2965eefc26aa3
verification/wang_day4/live/openrouter/codex_authorization_final_verified_consumed.json,ADDED,,2f66147ece821e34636e4346a04779083c2451033043de3a3d8ca11c7c8e13ca
verification/wang_day4/live/openrouter/codex_authorization_usd_one_consumed.json,ADDED,,40ded02212a6a8c2f736067a377ba8475ebe5eb8ec7a4f141187cf111ad94bd7
verification/wang_day4/live/openrouter/codex_authorized_attempt2_journal.json,ADDED,,54eda0c699f516d5bd503572f887f6370fc4e289f7fc80d29ed9d3ea0bf96d41
verification/wang_day4/live/openrouter/codex_authorized_attempt2_journal.json.lock,ADDED,,e3b0c44298fc1c149afbf4c8996fb92427ae41e4649b934ca495991b7852b855
verification/wang_day4/live/openrouter/codex_authorized_attempt3_journal.json,ADDED,,2008efabae17f3e2a77a568965c5f2d695093a776fb447061d8c72350d879e3b
verification/wang_day4/live/openrouter/codex_authorized_attempt3_journal.json.lock,ADDED,,e3b0c44298fc1c149afbf4c8996fb92427ae41e4649b934ca495991b7852b855
verification/wang_day4/live/openrouter/codex_authorized_attempt4_journal.json,ADDED,,90932fa647287cfd8b9ae6b6141174ef9451c4112d3cecd035c64ae07cfb4301
verification/wang_day4/live/openrouter/codex_authorized_attempt4_journal.json.lock,ADDED,,e3b0c44298fc1c149afbf4c8996fb92427ae41e4649b934ca495991b7852b855
verification/wang_day4/live/openrouter/codex_authorized_attempt5_journal.json,ADDED,,2a10695090666cd0ddd950a6ec87ac948849a4db94c7bf84bab934819c5c398c
verification/wang_day4/live/openrouter/codex_authorized_attempt5_journal.json.lock,ADDED,,e3b0c44298fc1c149afbf4c8996fb92427ae41e4649b934ca495991b7852b855
verification/wang_day4/live/openrouter/codex_authorized_attempt6_journal.json,ADDED,,2d18d126cdec7e6e9c6b9e5021e77cb7b52ddafe21f60a0b6c2b6f1562858557
verification/wang_day4/live/openrouter/codex_authorized_attempt6_journal.json.lock,ADDED,,e3b0c44298fc1c149afbf4c8996fb92427ae41e4649b934ca495991b7852b855
verification/wang_day4/live/openrouter/codex_authorized_final_accepted_journal.json,ADDED,,27ef9fe99e227c9ea60b580f27378e90d946a407feaca56a64cdf2cb654503b0
verification/wang_day4/live/openrouter/codex_authorized_final_accepted_journal.json.lock,ADDED,,e3b0c44298fc1c149afbf4c8996fb92427ae41e4649b934ca495991b7852b855
verification/wang_day4/live/openrouter/codex_authorized_final_journal.json,ADDED,,d30f6ba25496e881d0e3aaaf5ff23e75e610509cdc068438cd719d43edbbbd8e
verification/wang_day4/live/openrouter/codex_authorized_final_journal.json.lock,ADDED,,e3b0c44298fc1c149afbf4c8996fb92427ae41e4649b934ca495991b7852b855
verification/wang_day4/live/openrouter/codex_authorized_final_verified_journal.json,ADDED,,a23f0049a22a31332b0cb49620f1c9840d79615b3b115b5863bbc163a38fb883
verification/wang_day4/live/openrouter/codex_authorized_final_verified_journal.json.lock,ADDED,,e3b0c44298fc1c149afbf4c8996fb92427ae41e4649b934ca495991b7852b855
verification/wang_day4/live/openrouter/codex_authorized_usd_one_journal.json,ADDED,,6dac4aec6c4500d7281c789a4f9c605dde49afb125e6e0682ce75b0d2fade674
verification/wang_day4/live/openrouter/codex_authorized_usd_one_journal.json.lock,ADDED,,e3b0c44298fc1c149afbf4c8996fb92427ae41e4649b934ca495991b7852b855
WINDOWS_COMPATIBILITY.md,MODIFIED,7730dbbff13a705377270a9007e3bc9da43334338f5c553a2db556125f15d7a7,7f01656d597a3214efc106d1d81a81240195e628e173e3d2e03531e30e89b3d1
