week_start,units_demanded,provenance
2024-10-07,250,synthetic_day1_fixture
2024-10-14,279,synthetic_day1_fixture
2024-10-21,247,synthetic_day1_fixture
2024-10-28,218,synthetic_day1_fixture
2024-11-04,237,synthetic_day1_fixture
2024-11-11,241,synthetic_day1_fixture
2024-11-18,228,synthetic_day1_fixture
2024-11-25,243,synthetic_day1_fixture
2024-12-02,263,synthetic_day1_fixture
2024-12-09,273,synthetic_day1_fixture
2024-12-16,265,synthetic_day1_fixture
2024-12-23,255,synthetic_day1_fixture
2024-12-30,221,synthetic_day1_fixture
2025-01-06,254,synthetic_day1_fixture
2025-01-13,219,synthetic_day1_fixture
2025-01-20,271,synthetic_day1_fixture
2025-01-27,260,synthetic_day1_fixture
2025-02-03,224,synthetic_day1_fixture
2025-02-10,238,synthetic_day1_fixture
2025-02-17,286,synthetic_day1_fixture
2025-02-24,246,synthetic_day1_fixture
2025-03-03,226,synthetic_day1_fixture
2025-03-10,241,synthetic_day1_fixture
2025-03-17,271,synthetic_day1_fixture
2025-03-24,218,synthetic_day1_fixture
2025-03-31,238,synthetic_day1_fixture
2025-04-07,246,synthetic_day1_fixture
2025-04-14,242,synthetic_day1_fixture
2025-04-21,277,synthetic_day1_fixture
2025-04-28,216,synthetic_day1_fixture
2025-05-05,260,synthetic_day1_fixture
2025-05-12,259,synthetic_day1_fixture
2025-05-19,243,synthetic_day1_fixture
2025-05-26,246,synthetic_day1_fixture
2025-06-02,214,synthetic_day1_fixture
2025-06-09,217,synthetic_day1_fixture
2025-06-16,281,synthetic_day1_fixture
2025-06-23,230,synthetic_day1_fixture
2025-06-30,228,synthetic_day1_fixture
2025-07-07,290,synthetic_day1_fixture
2025-07-14,273,synthetic_day1_fixture
2025-07-21,254,synthetic_day1_fixture
2025-07-28,272,synthetic_day1_fixture
2025-08-04,260,synthetic_day1_fixture
2025-08-11,241,synthetic_day1_fixture
2025-08-18,271,synthetic_day1_fixture
2025-08-25,244,synthetic_day1_fixture
2025-09-01,219,synthetic_day1_fixture
2025-09-08,271,synthetic_day1_fixture
2025-09-15,260,synthetic_day1_fixture
2025-09-22,278,synthetic_day1_fixture
2025-09-29,232,synthetic_day1_fixture
2025-10-06,245,synthetic_day1_fixture
2025-10-13,218,synthetic_day1_fixture
2025-10-20,259,synthetic_day1_fixture
2025-10-27,264,synthetic_day1_fixture
2025-11-03,253,synthetic_day1_fixture
2025-11-10,285,synthetic_day1_fixture
2025-11-17,239,synthetic_day1_fixture
2025-11-24,256,synthetic_day1_fixture
2025-12-01,250,synthetic_day1_fixture
2025-12-08,274,synthetic_day1_fixture
2025-12-15,278,synthetic_day1_fixture
2025-12-22,237,synthetic_day1_fixture
2025-12-29,241,synthetic_day1_fixture
2026-01-05,287,synthetic_day1_fixture
2026-01-12,220,synthetic_day1_fixture
2026-01-19,229,synthetic_day1_fixture
2026-01-26,233,synthetic_day1_fixture
2026-02-02,234,synthetic_day1_fixture
2026-02-09,286,synthetic_day1_fixture
2026-02-16,241,synthetic_day1_fixture
2026-02-23,247,synthetic_day1_fixture
2026-03-02,225,synthetic_day1_fixture
2026-03-09,226,synthetic_day1_fixture
2026-03-16,253,synthetic_day1_fixture
2026-03-23,232,synthetic_day1_fixture
2026-03-30,230,synthetic_day1_fixture
2026-04-06,273,synthetic_day1_fixture
2026-04-13,226,synthetic_day1_fixture
2026-04-20,256,synthetic_day1_fixture
2026-04-27,237,synthetic_day1_fixture
2026-05-04,238,synthetic_day1_fixture
2026-05-11,273,synthetic_day1_fixture
2026-05-18,284,synthetic_day1_fixture
2026-05-25,233,synthetic_day1_fixture
2026-06-01,240,synthetic_day1_fixture
2026-06-08,266,synthetic_day1_fixture
2026-06-15,256,synthetic_day1_fixture
2026-06-22,235,synthetic_day1_fixture
2026-06-29,249,synthetic_day1_fixture
2026-07-06,249,synthetic_day1_fixture
2026-07-13,222,synthetic_day1_fixture
2026-07-20,223,synthetic_day1_fixture
2026-07-27,277,synthetic_day1_fixture
2026-08-03,258,synthetic_day1_fixture
2026-08-10,246,synthetic_day1_fixture
2026-08-17,245,synthetic_day1_fixture
2026-08-24,275,synthetic_day1_fixture
2026-08-31,277,synthetic_day1_fixture
2026-09-07,268,synthetic_day1_fixture
2026-09-14,272,synthetic_day1_fixture
2026-09-21,239,synthetic_day1_fixture
2026-09-28,241,synthetic_day1_fixture
