relative_path,bytes,sha256
API_CONTRACT_V2.md,2445,c00114a5fe79dfee61d4489f898d0411c15c880e2a2a9f44fc14e531914634c9
DAY4_ACCEPTANCE_REPORT.md,1455,23d66780652c3cbf31d61e419d26412801f6ccdcebdd6bb69498113194223117
DAY4_CHANGELOG.md,2323,42c86d2b24cf12451b04eae3bbc346f5d5ad7476d8dbe5178b713b04d4edeec6
DAY4_TASK_MATRIX.md,6083,2799bef9e3a558e5c12fd193a671ab158e38ace4d8d894d00e81651d36f1ee42
DAY4_TEST_REPORT.md,1463,077769c08153d1f96b2b092b89bfc925dcc760bd313a23f172b948043e3a7ddc
DEPENDENCY_AUDIT.md,2290,36e430462a3428e530af75bd2ed6a281a94491e19c69f00e3b67dfffd62a2013
FINAL_VALIDATION_REPORT.md,4707,a080a716f7b8e353439f8b739df38745947d920f255e5b2b03867494c0d43452
G4_ACCEPTANCE_STATUS.md,4281,c9305c2967854faed1df79ba7d6757b5ce512a621639032fda31b9e43c34230d
INTEGRATION_PLAN.md,2091,9d39ac5280b9790bc758fb2685bad47cc8b54843cbcf939f2095dcae27ca1db5
INTEGRATION_REPORT.md,8916,c6567cac05cc022c65e0760ad6615371159a5201b9d34787046cbec157c23e71
MERGE_MANIFEST.md,5149,c6600c9e5f30345ff1356d5c7d2fd51d6daba5b0558954678118df75227d7774
README.md,7768,daee568fbacedc25afa5ed9738a549b8d48311f01b3d475f9803805d35d18263
TEAM_HANDOFF_DAY4.md,2762,7a532ceb57b633f9c631dfe05ba81827d71d343368f465df53f794dd9be7cce9
TECHNICAL_FIX_REPORT.md,3000,1c717501cbc2eaaff3f9f632c24b12b6d321fe4c8d4794e26db8c3f035a66f35
agents/wanghao-day3/APPLY_TO_TEAM.md,5553,e2b8d9234fd68959d293d489b67ee24457c296e3897b66326c5e8453323b9fd7
agents/wanghao-day3/CONTRACT_COMPATIBILITY.md,2931,fc008ab73070af4d26854e33e01ecfff9088eb29d284d424b463d251ac938075
agents/wanghao-day3/DAY4_HANDOFF_TO_DENG.md,8579,6d90112707f68d58b3ce229e5f1e1c75e84ed8a6306db6c912a99ee901e21852
agents/wanghao-day3/FINAL_DELIVERY_REPORT.md,4183,9a9c2f730dcaf965da8f52173b47a0a8e4ad9f658b22b8e04bba7d073076bdcd
agents/wanghao-day3/MANIFEST.sha256,18876,45cfeb0cf97596d3aadfb9a445b5ad96227ba68bce8ad40f51116c9e864b7d16
agents/wanghao-day3/OPENROUTER_INTEGRATION.md,2339,2f16f0c522f5484d2d8443ba91bbe6d5d356c9556e0632b5f51b86cc0fea4d1d
agents/wanghao-day3/README.md,9498,4890cf1e377014180767344aee359f4e730486c9f5ddc4b67469d1121c7b6cd7
agents/wanghao-day3/WINDOWS_COMPATIBILITY.md,659,7f01656d597a3214efc106d1d81a81240195e628e173e3d2e03531e30e89b3d1
agents/wanghao-day3/agent_day3/INTERFACE_HANDOFF.md,6684,cb34c87a5e9c519abba7cbc50b9a779247e2c1e777dd958afc8c5a33088812d4
agents/wanghao-day3/agent_day3/README.md,7921,08bccb86f949f79b3bccedc65a24484f6fb29e2af3a03b3d72eb3954048ada6a
agents/wanghao-day3/agent_day3/__init__.py,132,b52db0a773c298c6fc62a67f294ac7136529e10a34f1584ae3212a43785062e2
agents/wanghao-day3/agent_day3/adapter.py,3266,ab24c28fa486a94bab483103d406ff52d3b61d4de8b5fda7b3f208a04246965e
agents/wanghao-day3/agent_day3/cli.py,4236,0b18fa75b49dde18d8fa4c4dafa306adf8ab301c1c49e875903e0422a99f4c4f
agents/wanghao-day3/agent_day3/dev_bridge.py,7966,4ead996cf543cda99cde207e2849f888c01c26ab506d0bedd8858385f7345943
agents/wanghao-day3/agent_day3/dev_cli.py,4266,bc1c80feeb06ce4584a36a7dd9771357205a7dd4fbdfbeb725fd39aa05a9258e
agents/wanghao-day3/agent_day3/dev_http.py,4018,77f4119f32d7ae6c8d1d8d17227589cbdc271fcd9b6677be22430fc34ffebdbf
agents/wanghao-day3/agent_day3/dev_roles.py,61007,26bd25e7220b15b48f0c37a82b413b20456df5f03d53495a65ca435321f40ed5
agents/wanghao-day3/agent_day3/dev_trace_validation.py,31530,bdaaedb0ad200bfe2ffe245be83a85eec53ad7a6f90b013d32dcb11ca8ca41fe
agents/wanghao-day3/agent_day3/evals/README.md,5586,dd0a81780cda51a2809c1a7ba77257ed4492d3759d60586786a7c8935b3fe3a0
agents/wanghao-day3/agent_day3/evals/__init__.py,0,e3b0c44298fc1c149afbf4c8996fb92427ae41e4649b934ca495991b7852b855
agents/wanghao-day3/agent_day3/evals/build_fixtures.py,11932,7803b928019f9b3957c67c81387118fd29f85942e0daa345fdfd5f68edaf9566
agents/wanghao-day3/agent_day3/evals/critic_dev.jsonl,80508,3caebdb73919a304d63171c36eb19d2d3dd0baba26cc39cb790496407d86c53c
agents/wanghao-day3/agent_day3/evals/critic_heldout_inputs.jsonl,196224,a412d5c3af6b4860aefb61801bcf83ab3c77c8f7e5d4a3808c4c7a1c9545084a
agents/wanghao-day3/agent_day3/evals/critic_heldout_labels.jsonl,8134,06e76cd137eb8f59fa67d623fb379fed4438fbb1e7dd78e7a89fbf8fa6c75e7e
agents/wanghao-day3/agent_day3/evals/scoring.py,4919,643ee5e8ca9f091895e727de68e950c5f33704513ffc1cc849c74081e34d0486
agents/wanghao-day3/agent_day3/evals/test_corpus.py,4136,18adfd445c47cdad838ac55ee238f8d414742e444c68c922f5921df8edc29012
agents/wanghao-day3/agent_day3/examples/frontend_agent_draft_local_mock.json,1484,ecd09b0fdb2927133d01bd1425e210606eea4c6c49bf00a6d5f292376d636b1a
agents/wanghao-day3/agent_day3/examples/offline_baseline_local_mock.json,2085,59c29647c83d2cb4ad20ae5fec2178a167245c585a5ef785e84f1c2ba3446dcb
agents/wanghao-day3/agent_day3/examples/offline_lead_stress_local_mock.json,2088,21053d7fdf394de51f77570cb13fb3af568dfa23a4eafa7cebf5336483ceb119
agents/wanghao-day3/agent_day3/examples/offline_local_mock.json,2088,fe88acdf744a9a4c9a19c2d18cf68392b25508e67797e24b52f077b39fd6fbe5
agents/wanghao-day3/agent_day3/integration.py,2099,575ec8f38aba70f5e63f43ddc58fa1ac6443d1b637ce1721cd2fa3ee77299376
agents/wanghao-day3/agent_day3/mc_cli.py,4773,e6a70a9bb6b53913dc70451803cf4950c3a3fe695de9e44b6fa7cb90e49dad8b
agents/wanghao-day3/agent_day3/mc_client.py,5546,e4c4027ad5c7cf6fe017df64f74f6b4e86e79a9949fa2debdde75c9c4dd7f379
agents/wanghao-day3/agent_day3/mc_review_compat.py,8974,51b8858aedc6e60992604408877b01895579520dfaf1ab57d8a7262c0d1670c9
agents/wanghao-day3/agent_day3/mc_roles.py,43903,a1e8bfdca05bd7eead1df2bde25d6fc3bae01748345083fb5d3567f0c92ad5ee
agents/wanghao-day3/agent_day3/mc_validation.py,30532,5dba7c75d6fe4b11913bff6ab1b020c1ca33ab9acc67fb3c04c06dceb6ae0c1b
agents/wanghao-day3/agent_day3/models.py,6228,f942b3d5fec0e1247897bae354f58f6dcfece4784465477185e4450bf7ad0612
agents/wanghao-day3/agent_day3/narrative_safety.py,1403,d43ed5f44cd1ce583b5668d9095f40092c46a049f183875bb06d01aa02c6cb21
agents/wanghao-day3/agent_day3/orchestrator.py,10667,6bea372a475e276cc30a562c02462584556f718d3570bda9367fcb7f6f38a295
agents/wanghao-day3/agent_day3/projections.py,9966,35b1b9af5e8b1617dfe4247269a0a4d7fe2c8a6a1fb72dee75afbf3a0f56513d
agents/wanghao-day3/agent_day3/provider.py,3061,d46528b1d9e09e3d656cb97c70ce34ad6d6ffa782c62542a5cff17227b7dd634
agents/wanghao-day3/agent_day3/requirements.txt,253,4191d508e870384f6ff8cea59a92d6da1fe6b1e57dc50b94d6f08852abe2d1d8
agents/wanghao-day3/agent_day3/review_compat.py,4617,273a9675e69caad8d106b886e45be912a139492506ba0ec1734c351744283d1d
agents/wanghao-day3/agent_day3/schemas/cfo.schema.json,2118,175c75970aff327c5c95bd258520f5d6704e04a07b023681c9857405426b5ad1
agents/wanghao-day3/agent_day3/schemas/coo.schema.json,2005,d14434b2e24c5d2c389626adc5247c4d1b9cb5ca4fc45b1059f9fdcf55a45132
agents/wanghao-day3/agent_day3/schemas/dataset_success.schema.json,9632,a85b40880f61c6eb5c664696614b156a3c04f194a03b5a0ecb1afc62218d1229
agents/wanghao-day3/agent_day3/schemas/dev_analysis.schema.json,8321,ea32d970e6389b137d1e5fceaee63573ad328a4dd45746fa1f6614e96345c3f6
agents/wanghao-day3/agent_day3/schemas/dev_claim_selection.schema.json,682,16973c5cf8121b4c90bba9c7fa41c069d0f78f25e7f96d497763746cbb171838
agents/wanghao-day3/agent_day3/schemas/frontend_draft.schema.json,3379,5c0982c156ec444b51905d6d1040d5a550f67cf7de76337ed4dee342f0c30fb0
agents/wanghao-day3/agent_day3/schemas/human_receipt.schema.json,1714,405dee342eb13d02fd284ac5c9ed3133464875f53d3382409f5e5eb7842ab895
agents/wanghao-day3/agent_day3/schemas/parallel_run.schema.json,4400,a5f0c89e5e5e73989714cb8584d6387cb3b8985e086891124edd9e11d2bd285b
agents/wanghao-day3/agent_day3/schemas/real_snapshot_input.schema.json,17848,e90e33a6909989306d90019c80298073935ee0d21c96f58fb552e8d417255995
agents/wanghao-day3/agent_day3/schemas/review_scope.schema.json,952,c2cc4331e95c9e22ee550c007279a1766dc4b26e147b77a78cb7c7eebc8a25c9
agents/wanghao-day3/agent_day3/schemas/risk.schema.json,4211,8fc021e83b8d0f8a894d5962bcb1b9ec668fb55219ae5f56e696b1e2eb3bd49c
agents/wanghao-day3/agent_day3/schemas/simulation_result.schema.json,4072,be524f0fdec646cdebba297328aefa7231ecd78367206c8d1a36f66803941351
agents/wanghao-day3/agent_day3/schemas/snapshot.schema.json,18162,5706106b13e514967811a10f85b2bcaa15c9c67120242003d7151655a27722db
agents/wanghao-day3/agent_day3/tests/test_audit_regressions.py,644,ba6aa60311ecbc6d254ee1244c3532ce0d2a4801242cfdb851a437911ccfc49c
agents/wanghao-day3/agent_day3/tests/test_day3.py,14709,c6ab56348a7c291b29ae65e51e4c2cd6ee1a47372cf717898ba4fa3c1e998635
agents/wanghao-day3/agent_day3/tests/test_dev_bridge_and_compat.py,5675,8d7bb95a6a5bb701ae9c7a15a075a8e97fcdf76f90f149458edef5342b6ad086
agents/wanghao-day3/agent_day3/tests/test_dev_http.py,3356,278854d6be6998d98ebf54b2ca8f954496dd1c27fe56622efe0ff5e7bb4e2f24
agents/wanghao-day3/agent_day3/tests/test_dev_roles.py,13229,af7dca4ee5c63246d402523c2294f93b1a67304f7f234a7ffaddbd8eea37e8c0
agents/wanghao-day3/agent_day3/tests/test_dev_schema.py,597,1879fea78f30aae5496e3392578b2638488c04b724b57f26df75d83b286ab8fb
agents/wanghao-day3/agent_day3/tests/test_dev_trace_validation.py,7244,452c22bec0b2c5c44b5003e5f1f506bd7d5ab4adab19f792a2cf1739ecd8961c
agents/wanghao-day3/agent_day3/tests/test_mc_parent_integration.py,6008,73f67375951ac7973722eb433dda7075d9fcef12d655f41ad6b403a5ea193620
agents/wanghao-day3/agent_day3/tests/test_mc_roles.py,13622,232a5bb7c6ec49610d2045a81fd29e91e2424914435c0f8b318a04e1a9c59b04
agents/wanghao-day3/agent_day3/tests/test_mc_validation.py,11910,e27a74f02e97e3c693899baf1ebf4a0c6d23cf69c2b29c668b092080254c67df
agents/wanghao-day3/agent_day3/tests/test_numeric_language.py,860,3460b392ab78d5628c53c42ed8207536c81ff858a4c3fddace74191f95df004a
agents/wanghao-day3/agent_day3/tests/test_parent_hardening.py,6092,02f5ce7e57e7c24902ff1b2518cebddf3f2e7db696fdf9ebbca74e50b673033f
agents/wanghao-day3/agent_day3/wire_models.py,28323,58cac192dc5a2864da0af437e646c46cc8ebd5a6233d1b68058f2a2bff36d6d2
agents/wanghao-day3/agent_day4/__init__.py,0,e3b0c44298fc1c149afbf4c8996fb92427ae41e4649b934ca495991b7852b855
agents/wanghao-day3/agent_day4/allocation.py,11572,f30356149cdae70bcfc040f1337e3fae69d5f7e8bd624dc75f5f5c3f8b943df4
agents/wanghao-day3/agent_day4/business.py,5413,b1548ba4398c5111d266ed57f8e53176e9e0acbc7739fd3e132c3f10c35ac9c6
agents/wanghao-day3/agent_day4/cli.py,5213,543b4cdef7d7917c22b2f5df7a256c444299af5fec81ece2a2b5c0ba8f33e6b1
agents/wanghao-day3/agent_day4/eval_interface.py,3231,e872aef436779e92812429a681d74363adae3b3f47ea2775cd416338383e320e
agents/wanghao-day3/agent_day4/evidence.py,22830,d8647599b13b2db984a77f9899895eb01b338ac84f8d11fa983f215e98b27c09
agents/wanghao-day3/agent_day4/inputs.py,64590,47db7f61fc55fa91e9fc843ca2a6514658b551593b79b5a6edbede29e181dc30
agents/wanghao-day3/agent_day4/numeric.py,24794,4b3c765db2dba6351c82056f27cc584bae0358ace8a0b6bf1fde115822cb9af6
agents/wanghao-day3/agent_day4/openrouter_provider.py,46699,c94e185643a235accdd602f4846984022fc49b0697c57ee3fa6dbafd52ba2a2e
agents/wanghao-day3/agent_day4/pipeline.py,32084,97eb18a329f7ee531fe9a0f802cbba1a9c3cd7ffbc304a0ac631b8ee01f50f54
agents/wanghao-day3/agent_day4/provider.py,9609,a71c50fc75970cda782f52dbbb132e9f91e96d8a4ece025dbd7724782326238e
agents/wanghao-day3/agent_day4/wire.py,6185,4e38c8caf1009e9a79b2086c86435f73612282bbce0354be352d80ca6c58d03d
agents/wanghao-day3/causora_day1/__init__.py,0,e3b0c44298fc1c149afbf4c8996fb92427ae41e4649b934ca495991b7852b855
agents/wanghao-day3/causora_day1/claim_checks.py,5330,f8a16db8bba8b40d75f13041c4bc72808ae497e2b15d9c313f5e331f601f2066
agents/wanghao-day3/causora_day1/evidence.py,11807,0b7f8bfd6b2c52e1076bdf3235c87c685b42242729bb0dba83c8e755b06e1ba2
agents/wanghao-day3/causora_day1/schemas.py,13449,9696bbc48d89ec504697c2baa5534230615c4c2ec5a9df0351c59ef208d65f97
agents/wanghao-day3/evidence_review/FORMAL_REVIEW_FORMAT.md,5227,e46a5a9d4cfcf4dee87544cf383f160cd8a298613417643d497387ab7b3f8c12
agents/wanghao-day3/evidence_review/LEGACY_DAY2_REVIEW_FORMAT.md,3589,74619c3f4ab23de49ba5fe6987eadbf3ff258768492d1f509d1f14acd8fc1143
agents/wanghao-day3/evidence_review/README.md,6471,f8ec2b7326659aac2d59862cd8f2ec68bb2371c441c69bd113b6ab9d8ebf123f
agents/wanghao-day3/evidence_review/__init__.py,0,e3b0c44298fc1c149afbf4c8996fb92427ae41e4649b934ca495991b7852b855
agents/wanghao-day3/evidence_review/data/evidence_summary.json,5364,c8a1da45db3d5afa32afa9cebc7ae127c80bb21fb43c1b38f0125c00fb6e0a19
agents/wanghao-day3/evidence_review/data/human_review_request.json,4345,72ca0bd1d246b62be4b156638442ad1a6c40c554468384ab76c3cee909d21b95
agents/wanghao-day3/evidence_review/data/native_day3_pending/draft_reviewed_contract.json,6995,1a781b95081b365200579a666755b4563bab562f0259a0effab7663687688043
agents/wanghao-day3/evidence_review/data/native_day3_pending/pending_review_record.json,3225,ca12458f87b56ed8c08b51cbf61fbffefdbd7af8fa53030242c3a026a0d53db4
agents/wanghao-day3/evidence_review/data/review_ledger.json,25677,9d6cd2404ff3fa6f9e7bb501a62a8447b50bb77f89555e9cdd2d530a32bc390f
agents/wanghao-day3/evidence_review/data/reviewed_data.json,8281,88819a30735a22782bf3e86dd2b18c6d6884d165d59a52d9620f92ba1ef904df
agents/wanghao-day3/evidence_review/pipeline.py,9589,de61438e5008b8633c35e860700ff4f3870986c999241482787d03cd76bd44c9
agents/wanghao-day3/evidence_review/tests/test_review.py,4044,4fb293d5a9879f4b7c4b4438753e13a15ac3fc433ef6beba854e1e5fe0146722
agents/wanghao-day3/fixtures/causora_day1_mock.json,18390,7002888a4d9f831a7210ec0dbf6cfd556c4c22a134d41e2f0d9674689ceddf56
agents/wanghao-day3/fixtures/demo/historical_demand.csv,3989,654a22f3f5433e214611f3c5a69b625bedad2d11157dedfa9cd65bbb14d3499e
agents/wanghao-day3/fixtures/demo/opening_inventory.csv,90,c2ad7ff5d928623f69d2599fea47d20c008c3b1fdd4d3879d29dcc2799ffe067
agents/wanghao-day3/fixtures/demo/supplier_a_agreement.pdf,7679,1e816c38cae6a045ef8b05426bb4c87ed160f119a52ac8adc65be074ef8c183f
agents/wanghao-day3/fixtures/demo/supplier_correspondence_log.csv,414,25dcd672d60ff549d870f4b7169f9df1f4b84e0320d8861f06de3b15b43e6952
agents/wanghao-day3/fixtures/demo/supplier_delivery_history.xlsx,6773,cabeaae5d3a9ba23f863734fca3b3080bc85d121b0dba75a7f6457fa76c56298
agents/wanghao-day3/mc_examples/formal_pending/headers.txt,360,a5b034265f4844eac9e399409cdbb3efab3a1f40a204388221b76f04103c955e
agents/wanghao-day3/mc_examples/formal_pending/health.json,372,23f216e6ee769bcd3654084ac87991185b407b6bb7efe62d2f65bb95a1cc50be
agents/wanghao-day3/mc_examples/formal_pending/response.json,553,059d20a49d3cac71f31609a6bd780ad127cb1008d5efb106298695ceca3ca3aa
agents/wanghao-day3/mc_examples/http_base/analysis_baseline_OFFLINE_SELECTOR.json,46245,d4591b18a19acbcf0a6ab7432066b36958b7831e4fedbb856fe6a07356a7e41d
agents/wanghao-day3/mc_examples/http_base/analysis_demand-drop_MODEL_PROXY.json,46886,8fd968cdf7c72e0e2ec3741377b48ab56ffc315fe6bd66b3f855d6bce62ff005
agents/wanghao-day3/mc_examples/http_base/analysis_demand-drop_OFFLINE_SELECTOR.json,46886,a0a6d68d9071feaf8ed869bd2a49c99a3e9ce252ff9f1021e5f576a0ff968d40
agents/wanghao-day3/mc_examples/http_base/analysis_lead-stress_OFFLINE_SELECTOR.json,46914,3067e59af4b389d8d8a83975bd6367076c579b284ff8ae7e8fcbf18b241f868a
agents/wanghao-day3/mc_examples/http_base/audit.json,445,2a549719c4716c042e013d79d116288f156cb38b0cf2c849d76341d180e40c72
agents/wanghao-day3/mc_examples/http_base/request.json,1876,20af82c3bdf5502f4c6d41a74f8d9e9fa5c6c6f87f8014977ccb9135ccae9b23
agents/wanghao-day3/mc_examples/http_base/response.json,1169811,3f8bd6a513ea4d9867394abe4665fdf97cb51aca461cf7c59afa9ca2010378e6
agents/wanghao-day3/mc_examples/http_base/transport.json,1042,0d3899cb13f333cd68ea7bf175d38bb078412a55ee7d44caf856e278227a2a1d
agents/wanghao-day3/mc_examples/http_browser_numbers/analysis_baseline_OFFLINE_SELECTOR.json,46243,cebfd3074d19820d08d315b2c0ebda89569895c15e8efea5e26e33ad9a949b07
agents/wanghao-day3/mc_examples/http_browser_numbers/analysis_demand-drop_OFFLINE_SELECTOR.json,46884,5406dc26452a5603cdad3a4e19a764ad166801cffc6d166caac3776f123619d9
agents/wanghao-day3/mc_examples/http_browser_numbers/analysis_lead-stress_OFFLINE_SELECTOR.json,46914,6782daa786e878a68e2e6c1790cc41dd5eb41edb025338299e9c795fe58f200f
agents/wanghao-day3/mc_examples/http_browser_numbers/audit.json,445,fd465a863a761303622939ff89220b8bb849edaceca6ee77f1639344ef4d8ed9
agents/wanghao-day3/mc_examples/http_browser_numbers/request.json,1868,cc43a25c31386009dcbe56ea738e266a3e7f20ae51e153fb6d606ce44a06f0c2
agents/wanghao-day3/mc_examples/http_browser_numbers/response.json,1169787,734c2f553dd5afd80096efc5043991fdd0d81c89f8663e0e30ff65de492de6d1
agents/wanghao-day3/mc_examples/http_browser_numbers/transport.json,1042,e20dd0f90a0aeab05459bf60ded02c222436303e7e456da1afd8e5f18d60075e
agents/wanghao-day3/mc_examples/http_demand_changed/analysis_baseline_OFFLINE_SELECTOR.json,46245,f96f54d907d548bd27797dcb7ff24546c37cab0d901a4a25e1b87d88c189f2df
agents/wanghao-day3/mc_examples/http_demand_changed/analysis_demand-drop_OFFLINE_SELECTOR.json,46884,0f6e5b6724a3dbf32ed860d5abc4d726aaac7a57ff5085534933ee5b3d1f746f
agents/wanghao-day3/mc_examples/http_demand_changed/analysis_lead-stress_OFFLINE_SELECTOR.json,46914,43f675a1d3ac66415f804db999335b58748f9a63eba36cd15583256a775f28b6
agents/wanghao-day3/mc_examples/http_demand_changed/audit.json,445,661e12cc3d3fb42c1ac537a3f1a6ebf45ce5f7c8ec76cf1e95f4b42f2b418788
agents/wanghao-day3/mc_examples/http_demand_changed/request.json,1849,fa8fbe6aff4c4f7e5c7abccb382f7d8d6807f431a34c127c305a7d0c1a121dfe
agents/wanghao-day3/mc_examples/http_demand_changed/response.json,1169791,f8494c0887c73d6d9941a36341e0c868cced1dcc1ec6734d5c171b7fb4ff13c2
agents/wanghao-day3/mc_examples/http_demand_changed/transport.json,1042,3875bb831f1fbd4d0e3c0daf3aa26584765001a104d7dc07ad09e47fa39a8a93
agents/wanghao-day3/mc_examples/http_lead_changed/analysis_baseline_OFFLINE_SELECTOR.json,46245,7e730f65e4dd6f91faf11cd58a6d1b5f4bf57220861b5ee2b7fe508d2d03fe3f
agents/wanghao-day3/mc_examples/http_lead_changed/analysis_demand-drop_OFFLINE_SELECTOR.json,46886,b984ad2d4ead37fe9a949593bd6d8e2595f01a6490f3ed1f23e9a8fa5216d769
agents/wanghao-day3/mc_examples/http_lead_changed/analysis_lead-stress_OFFLINE_SELECTOR.json,46910,d95b252a75dd735092cd0cd07f389f5cec98dcbdfb6c7c334104201928ef90ac
agents/wanghao-day3/mc_examples/http_lead_changed/audit.json,445,3151a107ba852eff1d41aaadd53ff18d1abb8954d4d5ae68602fa6cb0f02551d
agents/wanghao-day3/mc_examples/http_lead_changed/request.json,1872,37f8572598178925983cd73fbfde1db9ba880dae3538fbb4ddca86da3896cfcd
agents/wanghao-day3/mc_examples/http_lead_changed/response.json,1170046,c977b7fc1a35587e93e2f473bf5d673fd66edb864274a068d8e374adfa5f3148
agents/wanghao-day3/mc_examples/http_lead_changed/transport.json,1042,01aeddeb02f5b72f110d6b50bacf7be6e9f718f614c260eb764eabbe08f6b0a2
agents/wanghao-day3/package-lock.json,753,cc0c9506de259f61acfa0af210bfeb7ef8e4d1b1875cb8b2692ba80e4a688361
agents/wanghao-day3/package.json,366,e1eaa9d53f871f9163a7bce8c01d2eaf038da28765659c30b93ef2106d6e535c
agents/wanghao-day3/pytest.ini,538,f135d05a52889606919016118c3c11ab60d88c51e54e92a0775bb3655402ab61
agents/wanghao-day3/reference/API_CONTRACT.md,14977,e88c0bb2fb014338ed31dc55894f6aa0f9c99c31a4231c47d20a1c90497e8226
agents/wanghao-day3/reference/contracts.ts,8392,2c4eb25fab520c76a8d0622df3425eea443d56440a067eafdd18f148c030176d
agents/wanghao-day3/reference/day2_review_request_original.json,5589,968de8d8346156914da3d3df20acb9782c742e238415e87c0a42bea0e762949a
agents/wanghao-day3/reference/jinzhu_day3/causora.contract.v2.schema.json,25830,7eb78481a7eeebcf91ee2b844ad70548b60e35d0225ccb73267d1d860638b06d
agents/wanghao-day3/reference/jinzhu_day3/causora.contract.v2.ts,3920,9bff1baecc3e792283529ac89b7c31ddd6e01ea07f125f8802cceccff477e52e
agents/wanghao-day3/reference/jinzhu_day3/reviewed_bundle_FORMAT_ORIGINAL.md,1568,eedd58b052daf1297c049e45a984d7d5433d20a0f47d2aaf7b01bc367378f1f0
agents/wanghao-day3/reference/jinzhu_day3/simulate_request_v1.schema.json,3592,b975b01f7af48a3bcd5b81e9c4163cdaf4f6cb7074e827c476f3dd425b649592
agents/wanghao-day3/reference/jinzhu_day3/source_pins.json,1129,991d803b1fcca02191bb1a40de368255c461af796bdd51b1d227798afbb0fe86
agents/wanghao-day3/reference/jinzhu_day3/source_pins.original-supplied.json,964,0723e673163e9fbfb87275ac1fd72225b1186e0bd3921c58eb35921374c8f04f
agents/wanghao-day3/reference/review_findings_raw.json,20521,e9b769dbde460a9b1822f015b430dc84777bba25c8e06e29ff84418645c9b23f
agents/wanghao-day3/reference/source_hashes.json,870,14f4fd2748f74dbf16ad3bade6df2d372a8a244e171488138a44fbda7acfc92e
agents/wanghao-day3/reports/MC_INTEGRATION_RUNS.md,2975,d93719a26fa11c6df456b03f5e1e6644240aa7c978aee619069bb7e52572a8da
agents/wanghao-day3/reports/MODEL_SMOKE_REVIEW.md,2214,95debbe9f40faf39b400a2bcc0825e10e4035af45e14ba00db5e0082cb07c2a7
agents/wanghao-day3/reports/VALIDATION_REPORT.md,6429,6779a37e5edb47d3f02d93e11c13e6a9d49f1344ce5be88c0c2ff34695143b8f
agents/wanghao-day3/reports/baseline_audit.json,418,155f6d2a79a2d9142cf30337bd4b806cfb528f3529f3ced67bc2894706de602a
agents/wanghao-day3/reports/contract_examples.ts,14317,15fd4f919fd738f7f6c8c37191992548620ec8ddf8b9894cd4253eff8b42cb0b
agents/wanghao-day3/reports/model_schema_failure_UNREVIEWED.json,3114,b66d30349aa6d5896af38935bd76f1d3c87194e16ede6f34594a9237c5a662e9
agents/wanghao-day3/reports/prior_deterministic_revision/MODEL_SMOKE_REVIEW.md,3755,17e4ecc0f3a067fcb3f2d3a7194b3a15d0a9164a485014caa436dc3a62f89f66
agents/wanghao-day3/reports/prior_deterministic_revision/VALIDATION_REPORT.md,6216,294b6900f0f28bed5f248d521939a194652a02e24b4a03d4352588a42fa8d1db
agents/wanghao-day3/reports/prior_deterministic_revision/dev_examples/computed_run/UNAPPROVED_TEST_POLICY.json,781,ba138a97d1203a2717fb3971e31a794506eb28b4a2983206cc6ee845bd6858c3
agents/wanghao-day3/reports/prior_deterministic_revision/dev_examples/computed_run/computed_deterministic_preview_UNREVIEWED.json,868100,5a4fdba63f6b363c27684685b9af9a98570af536d5a5ebaa2965304cfcf03f9c
agents/wanghao-day3/reports/prior_deterministic_revision/dev_examples/computed_run/development_bundle.json,934250,201c266d057a6a3f26936a472459838b703433dda0e62cccc23dbd4b44278b94
agents/wanghao-day3/reports/prior_deterministic_revision/dev_examples/computed_run/development_manifest.json,743,33231c86d85a5cc6d9a2f8f24b52a293bb1a2873e9790a627b781ed3e9f54cd8
agents/wanghao-day3/reports/prior_deterministic_revision/dev_examples/computed_run/lineage.json,3181,4de7dba841d4eba9f5fa9136521f667b7831d1b10f6cd1d5166de4b77178497f
agents/wanghao-day3/reports/prior_deterministic_revision/dev_examples/computed_run/simulate_request.json,1876,20af82c3bdf5502f4c6d41a74f8d9e9fa5c6c6f87f8014977ccb9135ccae9b23
agents/wanghao-day3/reports/prior_deterministic_revision/dev_examples/computed_run/trace_audit.json,5610,10f66254e56dd9618b646421e33ecfcc10d609e7958e75cb41454b8946335dce
agents/wanghao-day3/reports/prior_deterministic_revision/dev_examples/model_proxy_claim_selection_UNREVIEWED.json,11596,477b1933e5b1d117b3b7b8196724d2da5607c53aeca56569cb66b571eae7724e
agents/wanghao-day3/reports/prior_deterministic_revision/dev_examples/offline_claims_baseline_UNREVIEWED.json,11418,d7c63fdcfdaa2ce7324a70f0766608648450897d6c10b25d464e2891a8f6b742
agents/wanghao-day3/reports/prior_deterministic_revision/dev_examples/offline_claims_demand-drop_UNREVIEWED.json,11906,ea31de5d2d14b17424c7dae353ba1000c936cbfadad20d385c0da8a1767b8bdd
agents/wanghao-day3/reports/prior_deterministic_revision/dev_examples/offline_claims_lead-stress_UNREVIEWED.json,11433,8beb844b47b7f9a3349bd612c282a77628356b6b8d44559520064a0600157df0
agents/wanghao-day3/reports/prior_revision/MODEL_SMOKE_REVIEW.md,3071,6d40a70014911d1d8b534bd361e0a1cf86408bf08cf5e16816c16ea2812917a7
agents/wanghao-day3/reports/prior_revision/VALIDATION_REPORT.md,6003,45482057cdfd3dc8f2dd91d2bfc0a429c8c170b71f5496bee41e30d5c64e3d37
agents/wanghao-day3/reports/prior_revision/model_proxy_failure_isolation_local_mock.json,2786,f22f2408381a3dad4c2bb54e3831d54dc1370e251e5663bb4c4b05808d20d253
agents/wanghao-day3/reports/prior_revision/model_proxy_local_mock_checked.json,3236,b7f963f3e5006ea2e85ef52d2bd824d641db76401b1f4814df551a9ea1a69a95
agents/wanghao-day3/reports/review_details/EV-014.md,6707,b6f2c0c66a4f5a4e12d7b8438120831baea8def3f3c155ddf012ea6ff29a9ec4
agents/wanghao-day3/reports/review_details/EV-019.md,5823,a204e7486d2db4d3e9ac06044d4fbb95b0b42feacdbd8a6f0a7962c5b0385444
agents/wanghao-day3/reports/review_details/EV-020.md,7108,e0b5733c2589c1339fceaba60acad7d3cf0f87590441f6b883873e329c4f87e3
agents/wanghao-day3/reports/review_details/EV-021.md,6501,dad4c58504c51d1a2bb0529c09eae51d5a5abc9b3d43b9a22042c11e22b04d2d
agents/wanghao-day3/reports/review_details/EV-024.md,5981,02fc3747457ea1c0f2782eab0ade473cba286d87da985bccf499f2433b5a400c
agents/wanghao-day3/reports/review_details/EV-027.md,5719,ed52ad4d1fc03328a3e20442033862d6b6f2c65d89fe35417808b08f4a493ada
agents/wanghao-day3/reports/review_details/decisionDate.md,5881,83bc2afde54e757673dfa76bcce7c94496fe74c67ee271963834ba2b305abf7a
agents/wanghao-day3/reports/review_details/forecastBasis.md,6390,d5e6bb4e6700e2e414a720cbd4679ab283c56437fadb71d7c29c13135138ebbf
agents/wanghao-day3/reports/review_details/lockedForecastUnits24m.md,7092,2b93d7b2b2cb9a5f472de940ffd678abd49c2682787db1fa2362ceaf0467d2e3
agents/wanghao-day3/reports/review_details/noticeSent.md,6221,b9c6aecb1ddebb0b7ad106c90f0b676d14cd58e4354560ef50abcbda44c1e41e
agents/wanghao-day3/reports/review_details/renewalDate.md,6752,c17c9efc8885bc1aaf00164976d61b1a11d59c252189cc05aadb4ff13defdf01
agents/wanghao-day3/requirements-day4.txt,135,e573730b9d6f03951c873c5c3a1a906c7d923b9cfdadb339d1c823b25901b84c
agents/wanghao-day3/requirements-tested.txt,748,62162b3d10a2aa8238622f1e4d7dee875bafdd71c03799efc56bda99cf8b02b3
agents/wanghao-day3/requirements.txt,115,8c32692925be7f6f7ac26168db8104656a6edf8b31db09e902920a1c5e6cd3c5
agents/wanghao-day3/scripts/bootstrap_dev_workspace.py,3254,08c0076f0694c9a80e06600bbfcc2d72dab72604d61f327e9a7842e95676cd9d
agents/wanghao-day3/scripts/check_contract_types.py,1432,70c5b50f44ef9ecf0268295bd5203d31170c856009f4a01b7a0087ca76a83946
agents/wanghao-day3/scripts/export_schemas.py,1253,b523da5585aba08d54ad49fe1d9621db6977c48fd06121016ad7861a5d0d38a2
agents/wanghao-day3/scripts/package_delivery.py,1881,9c0beab9379283822b4f82a083ec246e2834a1f048455f1f781de5bb95b15e27
agents/wanghao-day3/scripts/verify_latest_backend.py,894,6c09bac5e2b9df14b57c56889ae1cf343b086e71de273b970ed5c8126caad714
agents/wanghao-day3/scripts/verify_package.py,869,0da4ba3bf128436835c73462809a9295b9e7d1326625c4b1810f482e1f29bcbe
agents/wanghao-day3/tests/day4_fixtures.py,4324,49dca3ebcc3eeaa1739f9c410c4dc3916b4aa73e463da1733662d1ab7f846e0d
agents/wanghao-day3/tests/test_day4_budget_portability.py,14217,705b9b00748ab8a58ca3d63b7df7205024b58811dc68515fa08b692b08696ce4
agents/wanghao-day3/tests/test_day4_business.py,5408,7c601226911130a788e56d386f8ce0bb0709b2c566684dac43033dc93a74dca3
agents/wanghao-day3/tests/test_day4_codex_semantics.py,732,eedbe579e1c6af0dee67248f2e8811c38d406e07b686d650bd51923257a25445
agents/wanghao-day3/tests/test_day4_concentration.py,10483,bbfd6e48990f6f14f70327fc66ce1b3ecd89da64093e286c257afec8d1df6bb7
agents/wanghao-day3/tests/test_day4_deadline.py,4675,9afae296a24144bb58fd5f88f723be3193358297e0d2671d4bd6fa24e3c90877
agents/wanghao-day3/tests/test_day4_inputs.py,15988,e258c4e865b47c5c5fa45c612303a01b31e163f828b8b75432274252160ea6fa
agents/wanghao-day3/tests/test_day4_numeric.py,7048,fda9cac625431e0ec508d06c2376775befa189f89dc71616df5931ea86df707d
agents/wanghao-day3/tests/test_day4_openrouter.py,20263,224886115c81769806f419b3d5fc2a1b3232082aefc58a7af0962e13fae56cb6
agents/wanghao-day3/tests/test_day4_pipeline.py,14381,194f4e5075089993fd742e6a62ab6ed601281a35b5e9f96788d680c910dadf1b
agents/wanghao-day3/tests/test_day4_provider_and_eval.py,2010,289a03378660df616868d10660e00505ab5c7854fc9e06ad00780de7debbfe73
agents/wanghao-day3/tests/test_day4_real_failure_regressions.py,2810,f218a5a86fba0e74d2dad68bb8eaaa5a0c3d2189e8a32c5f348aacc3b5affd52
agents/wanghao-day3/tests/test_day4_schema_followup.py,2331,2426bf404a5815248f005a1a0f0aae4f1bd69fa71e6154aacdd6f06421564930
agents/wanghao-day3/tests/test_day4_timeout_provider.py,6880,0a773dc43716efc601a9abe5720229dc5b8c4b88e7c788103a02b06f066a1d3f
agents/wanghao-day3/tests_day4/README.md,464,d9ab5bf906a8be4975de0e1c280f1daa4d73d16afe211d978fc85508559aced3
backend/README.md,2642,dcb4c4f17c6c34f5b0d38f94faffc49f05b6fee11feece5f92fc850a9c843d80
backend/backend/.env.example,2040,2ce8cc37716cffbcc3a866269ea608e33becb7ee154517ceb31c66d8dcb2e663
backend/backend/.gitattributes,245,ea05b665db246d593690a793ce79e110b715f7474ddb000b46f813f07a8f5edc
backend/backend/CONFIGURATION_AND_VERIFIERS.md,4402,ca3da14a5ca15b87ec03db098c263ad2eba5a4e48b7ea5db2c97b71e991629bd
backend/backend/DELIVERY_STATUS.md,1955,a07e12134b7f336b9fe97c5bfe618aebf89d4c8c760ff3521c6e392f7cee9edf
backend/backend/DENG_DATA_SOURCE_CORRELATION.md,2915,4e9fe60a37b9e6ecb3eec1e03a1fb13a5ef9e841dc5ed78d7920a363e77b9257
backend/backend/DEV_UNREVIEWED_INTEGRATION.md,1944,51882fda5bd06375024ba543320dbb56f73755d14d15ecebcf813f2f6efcd6ac
backend/backend/EVIDENCE_COORDINATE_CONVENTION.md,1521,43e6ed8f147d183da83cb8dfd53f5b235f42c07a55e88f5507fef38d41af0fb1
backend/backend/FINAL_FIELDS_AND_CONFIRMATION_SUMMARY.md,1611,dc3559d814e224b66a3b50e393bbb36906da2554cbf50ae547db2035e2bfdd3e
backend/backend/MANIFEST.sha256,16421,859fab05c9ca8aa44431166f33c4cb22e6d919dae9e4e14d0159a01711e77e79
backend/backend/MODEL_POLICY_CONFIRMATIONS.md,3198,575ae09d99ba3e1758cfdb71404934224beed9a34f8729657cbc4f8e5dfc8895
backend/backend/README.md,4277,0a8b9ecfcbd73e2d1aa924d936821129a2fe24dbd19ebe1da24dd5a2e1e750ab
backend/backend/REFERENCE_API_CONTRACT_v1.md,14977,e88c0bb2fb014338ed31dc55894f6aa0f9c99c31a4231c47d20a1c90497e8226
backend/backend/REFERENCE_contracts_v1.ts,8392,2c4eb25fab520c76a8d0622df3425eea443d56440a067eafdd18f148c030176d
backend/backend/RUNBOOK.md,5021,2b9acd77397fefa99fde6dbcf4f94a9dbcb1969ae53db5f79d966b3536c04465
backend/backend/TEAM_BLOCKERS.md,1623,cf003656e28948ad797494cf09e82d09d5f6a8cb32a4e2383eda85ec5bbe99ad
backend/backend/TEST_REPORT.md,598,29955f98a34ac015b175517103260e63b21ca73ff48f7b1ca57e46b8b15dafa5
backend/backend/TEST_REPORT_FINAL.md,4413,8ecd3f34545aa4da5339f80715488e3859b8eb6ee1bf06bb068b35e5f6d496e0
backend/backend/TRACE_SCHEMA_PROPOSAL.md,1935,ddeaf319f1421964ea0112153de40f1334a62824dc0787215197a2c351afd34d
backend/backend/VERSION_MIGRATION_AND_BOARDROOM_HANDOFF.md,3626,2b99955674eda6e593055222a4c79cd731d98bd34ef02a39ce9e967918153329
backend/backend/WINDOWS_ENCODING_AND_REPRODUCTION.md,971,159da3397a5fc49be136d9e635688333941457f7795ff299753e792ce81aff1d
backend/backend/app/__init__.py,48,ef899e9f1056f2c5b7b59a76c85463221a2a55d8c01a9e4d4123ed7f2e6cd357
backend/backend/app/boardroom_adapter.py,43320,b5bc66ba2c41be89a82a76bfde7d6ffcdf378bf3ae95b305da0fdcda37a75208
backend/backend/app/config.py,2941,4f411ca9acfcdb231f69dc3f7b2cbe99c7eb6ba9d38ea4e1792ef062855db267
backend/backend/app/contracts_v2.py,14359,958eccff2b98206ac0f0bcd19e5831223f92746411e2384d6b24c15c1402ac96
backend/backend/app/contracts_v2_draft.py,602,35f9f16912a20cf3766f766eeb4833bb31ea594c0fa7b84455ea1728371e42f2
backend/backend/app/evidence_locator.py,3505,8eb1f03a5ce9f297e9d0fd9a6b5f2a37df870c2ebf7699bc4e4efc169feaaaa1
backend/backend/app/gates.py,7705,a7cb48a455bd786c52f5c5c4aa25fb44ed8860aa64c635e5670e9e7e2ae9b6d0
backend/backend/app/portable_io.py,772,31c9b0b691e0799bfc7fac381a1c757e70dee2d8773eff06c28d1bf28b951e23
backend/backend/app/release_verifiers.py,18875,b3d0ff6f0a79fc539ec6593c940aea9d091eac3bdd45ac1f858478194bb752b0
backend/backend/app/reviewed_success.py,16115,9b65fcdbaf3cf8afa07493a7cd76ad13ce55e6fbac099bc4cf58be911caacdd6
backend/backend/app/service.py,13234,3094e7354f03c75825e9943abd5c2e2c4ccf4ad0731a1436cb090103c40dbff0
backend/backend/app/unreviewed_development.py,15235,7eaa823b0d14d40ec02dea07e9f74a0f3af73952152dfefb6856c399e264af62
backend/backend/config/templates/policy_approval_record.template.json,1299,da708b3e1edd491569fd003c65b9ca91593715369c5c53590575cdf4b436b603
backend/backend/config/templates/reviewed_bundle_FORMAT.md,1568,eedd58b052daf1297c049e45a984d7d5433d20a0f47d2aaf7b01bc367378f1f0
backend/backend/config/templates/trace_v2_release_record.template.json,917,85d6112bac519788044f8216d000c2fc29a266e9017a5b2f9c8e0be26d7f06f0
backend/backend/contracts/TRACE_CONTRACT_V2_RELEASE_VERIFIER.md,1910,4347975f013aa4b4597b1a67237a5c1179bb7d27d1e40b0fe672ef4335b38025
backend/backend/contracts/causora.contract.v2.schema.json,25830,7eb78481a7eeebcf91ee2b844ad70548b60e35d0225ccb73267d1d860638b06d
backend/backend/contracts/causora.contract.v2.ts,3920,9bff1baecc3e792283529ac89b7c31ddd6e01ea07f125f8802cceccff477e52e
backend/backend/demo_data/causora_day1_mock.json,18390,7002888a4d9f831a7210ec0dbf6cfd556c4c22a134d41e2f0d9674689ceddf56
backend/backend/demo_data/supplier_correspondence_log.csv,414,25dcd672d60ff549d870f4b7169f9df1f4b84e0320d8861f06de3b15b43e6952
backend/backend/examples/fixtures/README.md,762,c4e24dac83c8d6c9b45bd3c4cb8f86f158fd19c5405a411fbcf5ee79b40b2495
backend/backend/examples/fixtures/simulate_request_v1_TEST_FIXTURE_ONLY.json,1876,20af82c3bdf5502f4c6d41a74f8d9e9fa5c6c6f87f8014977ccb9135ccae9b23
backend/backend/examples/fixtures/simulate_response_v2_TEST_FIXTURE_ONLY.json,1157477,6b3fa07103c326e2c34962bd3d7e6c0b1d2e00f93f7f821be163f429cbafc9a3
backend/backend/examples/fixtures/simulate_response_v2_UNREVIEWED_DEV_ONLY.json,1169793,7d409effe1656271bbfe625960566c1e1089f6ead0e1def9460e781bc9075672
backend/backend/examples/http/cors_preflight.headers,482,814e1e6c7b433a6fa87ea6933f43a11bd01d8f6c27deb85646dd3f46451a3af6
backend/backend/examples/http/health.headers,298,b2b25104738a7563ed6648f3147a019bec206ade128c7b01657547199962d807
backend/backend/examples/http/health_response.json,238,ca20d94f445516c5ee2085f8471a4443fb163c9da66d097d7d55993a7e36d43f
backend/backend/examples/http/simulate_pending.headers,449,d6af4e77e69e3def05bcf3ff2c7f1447f891e68064234ff27e061b5c93250034
backend/backend/examples/http/simulate_pending_response.json,315,44eb954ccc9d554e01943ce912aaf61e5ac3ed93294c85042b7822eea373d9c0
backend/backend/examples/http-default-gated-final/health.headers,343,ef2634031452e2a845be5db6b5e778ce922cbda6c5f5c85a8282afa88e62c909
backend/backend/examples/http-default-gated-final/health.json,372,ad2ff0505120c4d3c3db7c8e1f4ea0ef6cc8ff8433f16b804da6f6cb4f014a76
backend/backend/examples/http-default-gated-final/simulate_pending.headers,360,2121dbdffa95d9e2d0e82da2e6f53ca1f9873692d77d2e83dd3a96b0a1f0b781
backend/backend/examples/http-default-gated-final/simulate_pending.json,553,cd7ef3baeafa81a3ea3c020befe23b02fd7b70293a208cb87fdaf009b73887f8
backend/backend/examples/http-dev-unreviewed/cors_preflight.headers,482,c7ee2d8d9e74f07465923f96b7d73b4f580ff05129a655e7f8d9c923bc56bb04
backend/backend/examples/http-dev-unreviewed/health.headers,388,4590ac9d672c828dd591ffd3557e988322b609baccd86927203da06d621d3d36
backend/backend/examples/http-dev-unreviewed/health.json,492,af6f1801aeba0ab3f6b62bfe079fc311e57df3f425119d0e680ecd9506a4b2b6
backend/backend/examples/http-dev-unreviewed/simulate.headers,552,e804421cd6ff22f3337d19b2eeaf08ea7fbc750c67ab6f56681f50b10f8512ac
backend/backend/examples/http-dev-unreviewed/simulate_response_v2_UNREVIEWED_DEV_ONLY.json,645264,4c7f74ff7bdcb5fc0b72587b3e14548d7038974867136917df8d1f40f549b694
backend/backend/examples/http-final/cors_preflight.headers,482,afbf9731887b8229e92303fc6b867ad8f156df1b109c5d0e9378e7cddc23ffc0
backend/backend/examples/http-final/health.headers,303,82570a8039576a0dc532e1d9d823309c9652eb5bbdbf73b89c13a6ab179a14ef
backend/backend/examples/http-final/health.json,372,6f62941df21887ac243e46aa0930a4b26b1adc41f4e11899374cd0ba5b576abd
backend/backend/examples/http-final/simulate_pending.headers,468,c9445a74bc1e6caf6ffd4e52a5cddcebe56b43a4bb652dfefe5279b8d232c732
backend/backend/examples/http-final/simulate_pending.json,553,a477ef902218ae51c04d53ee3e9265a31e3ac58bd94bb87a44aee82d043d2f83
backend/backend/examples/simulate_request_v1.json,1876,20af82c3bdf5502f4c6d41a74f8d9e9fa5c6c6f87f8014977ccb9135ccae9b23
backend/backend/golden/golden_run.json,19774,c8c267ec13cbd7a90201e0669cec3f3b41eef898c40660b542f11d1c6fdb1ee6
backend/backend/lib/contracts.ts,8392,2c4eb25fab520c76a8d0622df3425eea443d56440a067eafdd18f148c030176d
backend/backend/lib/types.ts,1828,13fcbf969ae96a8e34e09981b56d32361de215d9171357a35ef5d61afeed748b
backend/backend/public/demo/historical_demand.csv,3989,654a22f3f5433e214611f3c5a69b625bedad2d11157dedfa9cd65bbb14d3499e
backend/backend/public/demo/opening_inventory.csv,90,c2ad7ff5d928623f69d2599fea47d20c008c3b1fdd4d3879d29dcc2799ffe067
backend/backend/public/demo/supplier_a_agreement.pdf,7679,1e816c38cae6a045ef8b05426bb4c87ed160f119a52ac8adc65be074ef8c183f
backend/backend/public/demo/supplier_correspondence_log.csv,414,25dcd672d60ff549d870f4b7169f9df1f4b84e0320d8861f06de3b15b43e6952
backend/backend/public/demo/supplier_delivery_history.xlsx,6773,cabeaae5d3a9ba23f863734fca3b3080bc85d121b0dba75a7f6457fa76c56298
backend/backend/pytest.ini,108,79467fa11d8648321d2336c2f58220b66d0696b67ecdbe89350678aa3cfe854e
backend/backend/requirements.txt,339,0497bef9d820ca2a9978ed96c3c5ce994046a39f42276d9c072bf7bfe374c158
backend/backend/reviewed/wang-2026-10-07/WangHao-human-confirmation.docx,21850,588ea89123cfeb69ad9b904bd0cef4f2272407db39b3ee70ea8c0ae71bd53310
backend/backend/reviewed/wang-2026-10-07/WangHao-human-confirmation.en.md,6444,e41afe73c401bff0c4e3b725be0bf8c6a9ef8422c00712d21256db054f2484b4
backend/backend/reviewed/wang-2026-10-07/review_record.json,3437,6eb833045626f1af67bc87b8b938fa1679a9e15eae0a15675629615ad435fe66
backend/backend/reviewed/wang-2026-10-07/reviewed_contract.json,7072,ecc76631c816c99f90b91ef974af53ce0100ca66f1503c92a2099bbd436ebb3d
backend/backend/scripts/benchmark_monte_carlo.py,5912,d645da9cbe4429acea7660a70d21e19f9830ff702f66074b9464acf8fac9bd28
backend/backend/scripts/reproduce_deng_day3_data.py,6512,aae67a2e200e467e7274037ad0f7fe810ddfca1201f29fd519bad6a899c6a902
backend/backend/scripts/start_review_gated.py,829,6ea48aa0c73e13645cff77f78304935538986c2d4658f234c857637ec204a9d3
backend/backend/scripts/start_unreviewed_dev.cmd,174,605e8f2dfada9a12247ecd57dddb5dbde6f5ad6d96e9d9e76436fe7b8723a650
backend/backend/scripts/start_unreviewed_dev.py,2236,415b689a8f882ccf02915aad573458a951b37d87c9bc63028b2f09e0b490743a
backend/backend/simulation_day1/APPLY_TO_BASELINE.md,1133,87e7e0f96401ba034aa196f59d4c8bb42ae96b1bcaf72a684cd8ab620a861a0e
backend/backend/simulation_day1/DAY1_HANDOFF.md,11782,36c1a0b5b79f60616f94ed502fa10aed5b78d44e52d15b62a2b0e60c916effd3
backend/backend/simulation_day1/build_day1_schemas.py,6821,a141f2f582c7360f028f484798dfc290eaff97be815860ae178debd3d2fa2f34
backend/backend/simulation_day1/build_oracle.py,5959,fe60fbb4923813cc1f3de78d7ccb160e7c2d2edeae774ab1f6b0967aa3f9fdf7
backend/backend/simulation_day1/demo_inputs_v1.json,27832,607ae2aedc059b1b9bea8fe46874ebee1868b4569132e94e2319072dc751fc3a
backend/backend/simulation_day1/examples/simulate_error_not_computed.json,511,be8dfde8ceca9cb10a05b6c5809ba5e6c522994519420337ccc06bdb7c14635e
backend/backend/simulation_day1/examples/simulate_request.json,1876,20af82c3bdf5502f4c6d41a74f8d9e9fa5c6c6f87f8014977ccb9135ccae9b23
backend/backend/simulation_day1/examples/simulate_request_no_feasible.json,1871,36b7f717484824df2ae21a0e3cdc368963b54da9403109ca70485cf3547d1417
backend/backend/simulation_day1/examples/simulate_response_LOCAL_MOCK.json,8581,ba1ec9a2d946f8135ab351d41e9d87aaa72217518585d0e6db04b353c292ceb4
backend/backend/simulation_day1/examples/simulate_response_no_feasible_LOCAL_MOCK.json,9159,e04285f87cb855472323ee9c311510c06048f991b69eccef93b6d5fe68460a38
backend/backend/simulation_day1/historical_weekly_v1.json,12927,fa80fe774a14e97fb490c283d65f0723ec9699e3560b6c708ca604945db77bb1
backend/backend/simulation_day1/interfaces.py,17244,35ae7773e5ee1ed60fcb8658a9eb30fb6c2233f325f415d6cc5b0d9c7a0b1c36
backend/backend/simulation_day1/oracle_day1_independent.xlsx,12042,f92c4a55185d1b31d895a3b00e4b0186ece6fb2a7f303a0e7b23742749e2e82c
backend/backend/simulation_day1/prepare_history.py,2414,1ef1d97f4f25dc9aac2ff1db9e0f0296e0689ec6bd329787000e89273ef9417f
backend/backend/simulation_day1/requirements-test.txt,54,1d5adf18161137a9ea686c06bae23ad0f8b3bb0b8bceaa9033ec38f0adbe1637
backend/backend/simulation_day1/schemas/api_failure_v1.schema.json,1387,86f8727fe41a3d7c3cf8c5ebdf398168b183fb1ae9fc6f46e0d740a8cc6a3f9e
backend/backend/simulation_day1/schemas/boardroom_request_v1.schema.json,806,a02681d23d324fa0dca736383d759625145d019d431e2f26eabf8902d5b8d1c2
backend/backend/simulation_day1/schemas/boardroom_success_v1.schema.json,9626,e1ebc32df0407b4d89e604892101716e93777427219c2e5b14d4eec6731c476c
backend/backend/simulation_day1/schemas/dataset_success_v1.schema.json,9175,9092ed6e97f3083db616c70c1c128746d047d42fc593e17f2ae8776905eca872
backend/backend/simulation_day1/schemas/demo_inputs_v1.schema.json,10042,ccbe490c2921bac56bba48015c45a58cfb6b4d7b111132b86a3bc57cfc2a7b6c
backend/backend/simulation_day1/schemas/evidence_success_v1.schema.json,2988,80858fc1b5ddf68d7ca566289b814e137b1ac563ed1a768c3ff8d7f06e7ed7a6
backend/backend/simulation_day1/schemas/golden_success_v1.schema.json,25225,d516970acf9213e6dac8015efa0e831da987f1fe49d6c2dde4a654f7f561aeeb
backend/backend/simulation_day1/schemas/health_success_v1.schema.json,1319,88744568e3c0c31f6250b412894bd74f3d2a7314a788dc6fa78559cac5b0e19d
backend/backend/simulation_day1/schemas/historical_weekly_v1.schema.json,1355,4f60dc076616d07d259d519bb66bf003790e098aa67cf484935c882a5dc78a42
backend/backend/simulation_day1/schemas/mock_data_v1.schema.json,21729,c3c03eeb34f6f802af75e0a65779cba62dd4aabeb88d2792c6b5c5c0c2d05864
backend/backend/simulation_day1/schemas/simulate_request_v1.schema.json,3592,b975b01f7af48a3bcd5b81e9c4163cdaf4f6cb7074e827c476f3dd425b649592
backend/backend/simulation_day1/schemas/simulate_success_v1.schema.json,9191,12b08afa0e7460d97c32edb6a965cdd8d6bcddaeb1f8f0ca9dacfd0ad80e1a76
backend/backend/simulation_day1/schemas/simulate_v1.schema.json,7344,65c356908f47fed5c024dda31f7210e9582dd339447185681ef23b21ab613a32
backend/backend/simulation_day1/source_models.py,4595,5202c91de2dfcac97ee9cccaea2820b18456374c912b8025d56b8a8c36e398bd
backend/backend/simulation_day1/source_snapshot/historical_demand.csv,3989,654a22f3f5433e214611f3c5a69b625bedad2d11157dedfa9cd65bbb14d3499e
backend/backend/simulation_day1/tests/test_day1_interfaces.py,11875,bd0d357d5c9c5c867326a55d2b54ee1792bef0da0e3a84fd973adb8d4dba23a7
backend/backend/simulation_day1/tests/test_schema_coverage.py,8203,5207ad13176281c7f9186f5445cfec29537456b8763bfa5acdbb97d1d43c2919
backend/backend/simulation_day1/wire_models.py,12914,b1033d6acd79d57f5fb3fe0521c15e44c2548044b9c8519f0749e0b7d5be5e3f
backend/backend/simulation_day2/APPLY_TO_TEAM.md,867,56021b85cca712271996164710861975c4956b309df9a3ce0257a124e2e9de31
backend/backend/simulation_day2/CONTRACT_ALIGNMENT.md,4604,a3cb1d69bb9f073e14681366161245537089d185cb86001c5536aee5c648d29f
backend/backend/simulation_day2/DAY2_HANDOFF.md,6293,c360d7db5ebc9870a2a1e545f0f71dce1b072e3ab3a78132018048e91bd4c08e
backend/backend/simulation_day2/REVIEW_FINDINGS_FOR_WANG.md,3175,9a7392e8ab94690485755483d0f2c32ca159df6db7a659b9d3029ff8e45dc979
backend/backend/simulation_day2/SOURCE_LINEAGE_P2_FIX.md,2195,0af49a83bfc9f6dabb54046723c3cdd2b16b1e5c63da79fba981c6a795ac4856
backend/backend/simulation_day2/WINDOWS_QUICKSTART.md,1138,9027d8e19c3052b1c154269a96085b709cfd80b2f09b363fa3c8528bb2857470
backend/backend/simulation_day2/__init__.py,81,79eb3de3bee1bdcb9a82551e750732820e2196ed8bbacf0699aed3c4809310be
backend/backend/simulation_day2/api_boundary.py,5067,5b31e14f4ac43f7be23ad013c264991f53a641bb3731f61657b13e648d258a4f
backend/backend/simulation_day2/cli.py,2085,7845ea66428ffb744d447360c43864045a50d4f0f63f0cd27f505c6292beac63
backend/backend/simulation_day2/deterministic.py,20346,f0d244ebe88afce70449b6b1b8287bf7a93e92886783782cca3fd795a9cbd27c
backend/backend/simulation_day2/examples/UNAPPROVED_TEST_POLICY.json,781,ba138a97d1203a2717fb3971e31a794506eb28b4a2983206cc6ee845bd6858c3
backend/backend/simulation_day2/examples/day2_preview_UNAPPROVED.json,868100,5a4fdba63f6b363c27684685b9af9a98570af536d5a5ebaa2965304cfcf03f9c
backend/backend/simulation_day2/examples/simulate_error_PENDING_REVIEW.json,329,8a6162d880b63e409d4df00cdd637f560f686ec68bf21e4261cb28c75d2868f6
backend/backend/simulation_day2/export_schemas.py,673,9a1925a49c9e8f62c8e9bb1219dc26c02b8e766c7bcd914fb2451300bd5e85f3
backend/backend/simulation_day2/models.py,6551,b71d83091478c1fdf47bf694e2ecda453157a4990c331592a13c0609aa7dcd62
backend/backend/simulation_day2/response_validation.py,5336,b5dcc58855ebd64c89c906ad8e2054147cdea1f86bc8adaf4cad4b3b5c4320df
backend/backend/simulation_day2/schemas/day2_deterministic_preview.schema.json,16046,39416c7a72dfad745929cb97faa71c0b1935fd14cfe6f90a6c7edd86e5c5bf1d
backend/backend/simulation_day2/schemas/day2_test_policy.schema.json,3346,6ba13ec8c5a0e05c02341be7082d5cde29971910ec52907cefc64d69cb3c85d8
backend/backend/simulation_day2/tests/test_api_boundary.py,3519,a63799c84e101bfd5edb18ad49815141c6d6cfa95ee64789772432493951d5d1
backend/backend/simulation_day2/tests/test_cross_language_contract.py,2560,fbb8a16dbedff5a98060870fd0d3cb7d16ce9070ae0ffc1b51f2e197a874fe77
backend/backend/simulation_day2/tests/test_deterministic.py,12654,b0aa4b29dfffee58414fee94f52d81a9e02e0f4e3ef907285a346c5bd26accf3
backend/backend/simulation_day2/tests/test_response_validation.py,3161,0b84f3c38ef6b7122cdb213fb55f9f7d2aaecaa234883df2f0ff279f9c091d58
backend/backend/simulation_day2/tests/test_source_lineage.py,5245,cb3c8682684592cc94cb582871b3001552bb01790da9aed4c74bd72e8f850642
backend/backend/simulation_day3/DAY3_HANDOFF.md,6546,f8f0d0839e0ed31305d92938fb10d22770955c471e5220d6cc3c21b7194fa3e4
backend/backend/simulation_day3/G3_DECISIONS_PENDING.md,2719,10f0990895086b30761b4074878ae1ca21ece8ea3740d8c0f1a0076a27efbf6c
backend/backend/simulation_day3/WINDOWS_QUICKSTART.md,1456,6f4006a2b9369d1054fd2e58778e590c44fab9ff6216faa9ac7db0c50e8f137d
backend/backend/simulation_day3/__init__.py,79,1d2238565432f07902ae2d0955ff5d38fe9106375a20504b6257277816e9facb
backend/backend/simulation_day3/api_boundary.py,4034,e398f0d6d892be02bbbdfc09d85a90210ec6240d447b5af34db6385fb43b49a4
backend/backend/simulation_day3/build_oracle.py,5937,4ab446c612e669dd3fde050e9b34f1164509bc12440f5e7ada0eccc02c9911be
backend/backend/simulation_day3/cli.py,1621,7be92836116981fde4d103fd6359365298c96c16af2b39a2a915cbcc187e7dae
backend/backend/simulation_day3/examples/UNAPPROVED_MC_POLICY.json,1491,be10983e7e3c719b6c1c0cf10067cc813c497b4be66671037b13febaae6a9f56
backend/backend/simulation_day3/examples/day3_independent_oracle.xlsx,11357,7552f837d01a275b1f3a75b24b0c11091888a977ab305105ae4655ff32378275
backend/backend/simulation_day3/examples/day3_preview_10000_UNAPPROVED.json,877257,3e4e0e3ed78cfd778e6fe07c67a5518772f8cfd42eb522c884b7476db42b7f13
backend/backend/simulation_day3/examples/day3_preview_1000_UNAPPROVED.json,877175,186eef391cb10d1c297721703bbfceff9ff9372234c3da9202a9f05d05088d29
backend/backend/simulation_day3/export_schemas.py,887,88b69b264c156c8490385467f7d08e261dbfc12e7e7466e7fa0fd10873b773c8
backend/backend/simulation_day3/models.py,6756,26504bc029e704fc125e6afb57bc6592f2caf111ea54ba4e05a81e9df462b5ca
backend/backend/simulation_day3/monte_carlo.py,27217,daaaf84bb5abeeff7b89413ee9d0d5e4d6fd7e8da48bd1985daf360eac755da8
backend/backend/simulation_day3/policy.py,4215,0dd84f4f390254a5897f73c6e96a9db54650b295d32ca8a85c9d0bc536dc9d47
backend/backend/simulation_day3/requirements-test.txt,205,39f7b2ec4a32151577ddd468888fd491a6e7fb8267f88f602069e9521aa95308
backend/backend/simulation_day3/schemas/internal_mc_preview.schema.json,20648,f322ab64c0161d3443b5bcffd8d12f1d2ad203d70cb1c7acfdd26c21ed810c9c
backend/backend/simulation_day3/schemas/unapproved_mc_policy.schema.json,6713,5943b2caa817982575fb7cc7bb4036ef05de643f0a99db5e88c9c110be32f7cf
backend/backend/simulation_day3/tests/test_monte_carlo.py,19338,95fc739256eba45b49daa30b77d52660ffc65c203ab6bf8f2d2b7d11d5f66188
backend/backend/tests/test_benchmark_portability.py,1633,a2b33f2f3ba289774e55499bb9577b53b25c0289df993e714032455400e0e7a3
backend/backend/tests/test_day4_three_owner_integration.py,4167,9967eb9fa2eee491b583c5f7754063b01660761446d996c34c619ee9a520aee4
backend/backend/tests/test_gated_service.py,18005,68ed8c268f77fabfc12fc021b46151a91f0e378fa2f51e54b3f881c76e9501a2
backend/backend/tests/test_reproduction_portability.py,1697,5790d259ca9610234fc2ddfb9ecbda3afc599ddba1697fce2f730e121d957bc2
backend/data/MANIFEST.sha256,507,93cf0bac83f57c2c74f934c5f1c08f2271f563fd659ad911dd72c19584908027
backend/data/SOURCE_COMPATIBILITY.md,1282,f3ddf70990b9a142518aea88cf151114a625c8f6a6efac83fc4ab63c1165b9e7
backend/data/deng_day3_data_manifest.json,973,89f42932f673c97f6b41fe9ff606350b3bf023e0dead5021c3728523618ba2ec
backend/data/deng_day3_formula_traces_UNAPPROVED.json,868505,26923960586555fb7d06191b9e638a72c6d4665c097b91f241ce878c9b08142a
backend/data/deng_day3_matrix_deltas_UNAPPROVED.json,9868,ac60090c535e11b7f9e82dfba6b87d36604e452bdfa6862c219820da3acf2412
backend/data/deng_day3_monte_carlo_full_UNAPPROVED.json,877175,eb4dd2a10f385e54cedf9f3939a9b1289ea0f47976ed8c0175461bd8e2d5fb9c
frontend/.env.example,513,96b098149973e9e5c685479f28b92dd88da3cef41564dca90279d02186df3a65
frontend/.env.unreviewed-dev.example,272,220a16848f2c9fb9edc09df8d377b8459f7bb5175a8576bfef3614690afd7599
frontend/.gitattributes,54,e8c6b5b51e97945cced4aeb1bca314b1137879d7f5c311c9fc68774f415405fd
frontend/.gitignore,76,840990bbcd353a254748ea1b995d5cdf8e1ace45a26b4e82fe1cab0e9cea9337
frontend/.nvmrc,3,f14b4987904bcb5814e4459a057ed4d20f58a633152288a761214dcd28780b56
frontend/API_CONTRACT.md,16119,b7848847cd45668b6e45fe18fc2864a568a921ea76abb9d5693e26bbfefbf10a
frontend/DAY4_CHANGELOG.md,5523,48391d0112b5b7891ec1b92e8d088d57782d6c7a0a534bd114ac00f472478c5a
frontend/DAY4_TEAM_HANDOFF.md,5725,97e052c877879c8fecf25d6f4f141a9a46da614d18fa24976eb307675a8bc984
frontend/DAY4_TEST_REPORT.md,4738,d8d37003e54305066b19f2d72e8aad6e797f56004a098f2a01f74e7ed2fe3c8d
frontend/MANIFEST.sha256,6247,8c1a60d5f7636ecc86a8f3c4222a69ebcdc5b27388ca16f038e9ecd0b0c06f29
frontend/README.md,7828,95201cd9c08dff4ad5ffb06afd519c6897a0867c38c1a55917cdfc2e380480eb
frontend/START_PREVIEW.cmd,722,1a7da18856b4b20a1ed62245ac5ea48120b3f95d98843fa9ed7045c22ca1381b
frontend/TESTING.md,806,ff4f8cf6fcbf788db58c43e258747ab000ebed6267b221c149023525b90f1788
frontend/app/globals.css,106341,406df03828c21da8672bd64ff8e71408f7d551c586aaba09b73734fc6b27c655
frontend/app/icon.svg,1077,db402e8be82e59bc46b2a000acfc9a52d480ab1f64c5bb36812164cd9170bebd
frontend/app/layout.tsx,400,57d265b59fe9538a08e8f0ab726c71aaf1f4bf0dfda96ba74b5d63ec4768464b
frontend/app/page.tsx,31022,eef397d732b8596fa3d0ad4d8ffe8cd0ba06c6e38195f313161520bac9259701
frontend/app.config.ts,50,f0b3e41c4705278d2be268954bc79e55a079f173d97b4ff5e08265e10d92c0a8
frontend/components/app-shell.tsx,12673,f0a005022e53c5feb2edd697c04de2b83fd7e9d28742b6db43ae2e4a14bc2af7
frontend/components/context-deck.tsx,8625,9f7f7a6a7e298ca1af25b61bde111b783859d8d49fc5c8232af08c42a4bfd019
frontend/components/decision-moment.tsx,2568,cb2ebcb6508545686383606db342100ab5c59c75ab363d5399a280fde45795bf
frontend/components/detail-modal.tsx,18145,68c89a2da16dd4254571b90aa8ce780e438bf52853be06afd035ee13df58d3f3
frontend/components/evidence-pdf-viewer.tsx,6961,4e289553281f39867ab57a4aaa47585c1e97667e98c880be260b187b871d2810
frontend/components/live-downstream-views.tsx,20919,36fb5636f523d50c3033a5faa391339717d1c43811480441015457f8094e694a
frontend/components/proof-engine.tsx,15410,2c094e44929498eefc355459a13a9d6c49cae5491d9f30133740b3f80ed87d0a
frontend/components/stage-views.tsx,37138,5e28d18ab4bc54d6e615c00293421088e236caa1ed6f8871e754e9a3d0d8e1ac
frontend/components/ui.tsx,3669,112860ee7d1ce4ab3d7ee0a311a3984a9dbfb4167440b847997cf3285e2f18a5
frontend/demo_data/causora_day1_mock.json,18390,7002888a4d9f831a7210ec0dbf6cfd556c4c22a134d41e2f0d9674689ceddf56
frontend/demo_data/supplier_correspondence_log.csv,414,25dcd672d60ff549d870f4b7169f9df1f4b84e0320d8861f06de3b15b43e6952
frontend/eslint.config.mjs,850,fd95e53985461263eefe336cddc186003a6dc3bfabf1bbcb80383bd13fc59df8
frontend/golden/golden_run.json,19774,c8c267ec13cbd7a90201e0669cec3f3b41eef898c40660b542f11d1c6fdb1ee6
frontend/lib/boardroom-api.ts,17170,8ed0b87c191519bbfa1de7c1e1f994876f01e5c0d0f47765dcd29c14d2c90fb6
frontend/lib/boardroom-template.ts,2549,ed0bbe57cd53243c86afdbcae1ebab26d263114f4efe674e362468a1926cc9dc
frontend/lib/contracts-v2-dev.ts,4136,c75cfe4272e4d3e6183c35a10e2da87e308ca088676d6abf65305a77cb9647aa
frontend/lib/contracts-v2.ts,1121,2bccbd340b475e4759fdf42ebfd5748f3b65006ff792bf11fca2060113e054af
frontend/lib/contracts.ts,8392,2c4eb25fab520c76a8d0622df3425eea443d56440a067eafdd18f148c030176d
frontend/lib/day4-types.ts,1809,77a3fd90d6af425b8a40b9fee2a820f889e000073d50a919f7c6d66761dfa970
frontend/lib/evidence-api.ts,8088,742184d4d2da4883132282e1ffc7d4fa5580863b0cd27475d5a052d5b8ad8739
frontend/lib/evidence-locators.ts,3474,b8cdb291258b5c8db5368b37c84dc1052918dff957f1bcd31886bf315bab002b
frontend/lib/golden-cache.ts,12827,5784916ba98c2cc1a9a849b0e9d9db79a9c33b09b85c9db4afcef0cfb641af0b
frontend/lib/golden-health.ts,4026,548b6897907892ea986e1520b6778afc2f3ad345f32ac754b63a3a8c4b576b21
frontend/lib/metrics.ts,7051,f3a7bc5d690b110fbbae6d9827c7f1ebfc462e025dd4bb7b560ac548da30bf69
frontend/lib/simulate-api.ts,34425,402223b43f51667ea8732ffd5879314b0062f4500e881ec3c666d7e65c247808
frontend/lib/types.ts,2238,dff4f935a461293b6940fe3e19ee9e1e05aeb395ca4e0eaa1890633b4b876dc3
frontend/lib/validation.ts,14063,106d76f0013119239b44c41e0268c64bb53b2e6d170ef7ae57dd04b907a313b6
frontend/next-env.d.ts,262,85ae5aee75f011967cf2d25cbc342f62d69314e9d925f7f4aa3456fc2cffcca6
frontend/next.config.ts,334,d0a25816ca79e7f8e4cc19f74aa497ca06cd2db17375520b314d77471316cf9d
frontend/out/404.html,6275,696d6a096ee27d596b4afcf4f4deaf79617fa1d40b104cb848ed91638973d181
frontend/out/_next/static/_Ac7eJuEHqdA4pAqYgtbA/_buildManifest.js,544,7e077049d4525a58e85b6a95620c1de23ca4f85ed045fb39683c187831453eaa
frontend/out/_next/static/_Ac7eJuEHqdA4pAqYgtbA/_ssgManifest.js,80,678f6ce2cb80b1fe72fc67e7412be6e2ab6ada083111b64f7c40d35e3cba5e00
frontend/out/_next/static/chunks/18-e14b32d9b265adb0.js,146625,31d17d39f82dd41fd4f942f5547d61933cda512d3647b29431e32886a26f5d1d
frontend/out/_next/static/chunks/255-9acdc15b78d766e6.js,174163,2551c0f8d8e9da7a6a2362c4b6750ea0199675b4ce2bbfdb4b16acbec75be5dc
frontend/out/_next/static/chunks/376.978318a47fc25c90.js,22620,61b43c8e2707f586beead51b4ab7f7a0b17b43fb21b82d72dc05350c21a5eb09
frontend/out/_next/static/chunks/4bd1b696-c023c6e3521b1417.js,173019,2c752a401191671d5bbbe7514f5828bbb0a7cc50bfbe77ddaf1b1ccba4412ed2
frontend/out/_next/static/chunks/9b0008ae.23e79dbce8107dd4.js,434768,05d0f99a4fd4e8626395f8cb635b989eeb6ababd88510fb84d5e30c273ba3d06
frontend/out/_next/static/chunks/app/_not-found/page-2063bb33875c85f7.js,2670,3fdcc91183277ab71b082c2631118f5189898d13f5ba2274034c4b04ae15b459
frontend/out/_next/static/chunks/app/layout-6725d3bb669ca9ac.js,195,0c0024d194c2066485242dc70a54a903b15c8164d90a2e7ab1652c2961b112f8
frontend/out/_next/static/chunks/app/page-74476109c1db833f.js,209740,3cf866cd3017ac1bc8b4a259a400a88f2a548a644f8ef5dc081a44ead8fb7516
frontend/out/_next/static/chunks/framework-4891de286d38ef96.js,219011,8a3f1bf149ca2219a01468f81f522cccfa3ab7d5120af39f70f609072abb87f6
frontend/out/_next/static/chunks/main-3f069cf1b6556344.js,128474,38ac5371520d9db5104f87d7b5e4e7fdfb48f72d2ae843dfb4ede86a954bc168
frontend/out/_next/static/chunks/main-app-dbb7e5b795fdf50f.js,557,95a60253e282bd58e8dd32826cf6d1778512ce5cdb0968c60bbd192369d6d07b
frontend/out/_next/static/chunks/pages/_app-7d307437aca18ad4.js,234,797ae9e9f9ae364b4152a86f0ab44d686563124477b6cb31a0f0a803243767a3
frontend/out/_next/static/chunks/pages/_error-cb2a52f75f2162e2.js,218,caa848d8df48ee6a9872ae21aa7679970d832c8d0aa3611c517214e562f8aadf
frontend/out/_next/static/chunks/polyfills-42372ed130431b0a.js,112594,0973c1d64c88adc8e3c950410cb58b288f72118d5965b78049438deb8f2f9683
frontend/out/_next/static/chunks/webpack-bf90cd359f1a0035.js,3429,2a41e3ea41e70f39f9f3d0936b1f47aaffab5730b2eaae10c2e94c18ff8e6390
frontend/out/_next/static/css/b51a822a5022e24f.css,99273,d8e2e406688a81c5fc8c3b054cc7e41e50d1f651afb78d2b9dfdcfbd01cd7a9a
frontend/out/causora-mark.png,19474,5c539cbec9c62cd53d1dfcd99683591a26903e42a139bc1b338653febe63c453
frontend/out/causora-mark.svg,1077,db402e8be82e59bc46b2a000acfc9a52d480ab1f64c5bb36812164cd9170bebd
frontend/out/demo/historical_demand.csv,3989,654a22f3f5433e214611f3c5a69b625bedad2d11157dedfa9cd65bbb14d3499e
frontend/out/demo/opening_inventory.csv,90,c2ad7ff5d928623f69d2599fea47d20c008c3b1fdd4d3879d29dcc2799ffe067
frontend/out/demo/supplier_a_agreement.pdf,7679,1e816c38cae6a045ef8b05426bb4c87ed160f119a52ac8adc65be074ef8c183f
frontend/out/demo/supplier_correspondence_log.csv,414,25dcd672d60ff549d870f4b7169f9df1f4b84e0320d8861f06de3b15b43e6952
frontend/out/demo/supplier_delivery_history.xlsx,6773,cabeaae5d3a9ba23f863734fca3b3080bc85d121b0dba75a7f6457fa76c56298
frontend/out/icon.svg,1077,db402e8be82e59bc46b2a000acfc9a52d480ab1f64c5bb36812164cd9170bebd
frontend/out/index.html,32825,8e73667204c16b54b723a7caaa08ef0e29fdcb343622f6f0cf23054575752389
frontend/out/index.txt,3296,0b1a543c7c25232a7a7210a361158b4a020c2f415df6006d2c194a534a976d1a
frontend/out/manus-routes.json,60,eb2c2ecd47655ff6f46cad7e85c18f89bb0e43e1650b38fbf459ca021fc8090b
frontend/out/pdf.worker.min.mjs,1264342,9536359f1b8367850d485731ca1d5e45c159a7b7a0912325e539937aa21ceb18
frontend/package-lock.json,205233,25084c871b73657d97416d136dedfc020fff8fffe19fc8ea123a8a8e634ed189
frontend/package.json,1395,b974b00e3196bbf8f82aaadb32baf649d0c8705525af86155420ded567d91bf7
frontend/public/causora-mark.png,19474,5c539cbec9c62cd53d1dfcd99683591a26903e42a139bc1b338653febe63c453
frontend/public/causora-mark.svg,1077,db402e8be82e59bc46b2a000acfc9a52d480ab1f64c5bb36812164cd9170bebd
frontend/public/demo/historical_demand.csv,3989,654a22f3f5433e214611f3c5a69b625bedad2d11157dedfa9cd65bbb14d3499e
frontend/public/demo/opening_inventory.csv,90,c2ad7ff5d928623f69d2599fea47d20c008c3b1fdd4d3879d29dcc2799ffe067
frontend/public/demo/supplier_a_agreement.pdf,7679,1e816c38cae6a045ef8b05426bb4c87ed160f119a52ac8adc65be074ef8c183f
frontend/public/demo/supplier_correspondence_log.csv,414,25dcd672d60ff549d870f4b7169f9df1f4b84e0320d8861f06de3b15b43e6952
frontend/public/demo/supplier_delivery_history.xlsx,6773,cabeaae5d3a9ba23f863734fca3b3080bc85d121b0dba75a7f6457fa76c56298
frontend/public/manus-routes.json,60,eb2c2ecd47655ff6f46cad7e85c18f89bb0e43e1650b38fbf459ca021fc8090b
frontend/public/pdf.worker.min.mjs,1264342,9536359f1b8367850d485731ca1d5e45c159a7b7a0912325e539937aa21ceb18
frontend/scripts/copy-pdf-worker.mjs,599,7dffed9e66302da1bc8c807b7d0031f6654b89ac7e6535a37a2106f3a7065b04
frontend/scripts/freeze-golden.mjs,2028,498d26fdcc4ee31affa91e07b6c394380722ab736c7691cdca902bb224b47df6
frontend/scripts/generate-demo-fixtures.py,7172,40fb6dd8d6cc6ffd4cec9c788827d9eab54d27aca7280b358bb61a0d4ba414ee
frontend/scripts/serve-static.mjs,2024,55ae7a8e99674013a285f99ee45ac6e692f37637b68798834e7be3eebf88ba57
frontend/tests/day1-flow.test.mjs,20659,2c6782fba24b5ee4921bce96c878405d6dc561d1ce48da6816e94fa0ff3680e9
frontend/tests/day2-ux.test.mjs,5956,8b78992399ea2c766dd4a055b5363b26151c0bfb1ea7cc72b8f700a15db68944
frontend/tests/day4-api.test.mjs,21770,7cddc6a2f8951fdce846fa5475cc592064b43f888cd2e8f8636884843baeff28
frontend/tests/fixtures/reviewed-v2-TEST_FIXTURE_ONLY.json,1250406,93fd3736530d09bea2eda7af0ea03548aa4af5148b23fd1b014a231a034f2716
frontend/tests/golden-health.test.mjs,3760,31e35d1664f6aeec84f4ed223dfb017e682ad117dde70c36b4b6f52fd3468ebc
frontend/tests/simulate-api.test.mjs,17600,b5d28a29bfbb67637ed4e600ccffe8f72ee2d988380fc121d8a2bb4030922fc9
frontend/tests/static-server.test.mjs,2588,52ac340f0a85e7675d0592ae593f5ecd6e5b302f9ff42a34310b768f70f0f2ce
frontend/third_party/pdfjs-dist/LICENSE,10174,0d542e0c8804e39aa7f37eb00da5a762149dc682d7829451287e11b938e94594
frontend/tsconfig.json,563,f9231e4c2e6c7857d2d307424c1c1116c49347fd4d43887f7ce509df7dcc7704
frontend/tsconfig.tsbuildinfo,113254,3f1def7eab07669927a0e03b58ffbcee62276a618f525a6bb201ce5dbd85df72
provenance/deng/DAY4_BACKEND_INTEGRATION.md,2765,f41b81ae163431950850a7fea26437f84989fdef269bd137ddf0fc3bb18e7fed
provenance/ding/incoming_frontend_baseline/DAY4_ACCEPTANCE_REPORT.incoming-2026-10-08.md,6676,ccb1bdbf27bede9276b50bc3074ed5c7b72959ea7f60ae7535fb956b7949b467
provenance/ding/incoming_frontend_baseline/DAY4_CHANGELOG.incoming-2026-10-08.md,5523,48391d0112b5b7891ec1b92e8d088d57782d6c7a0a534bd114ac00f472478c5a
provenance/ding/incoming_frontend_baseline/DAY4_TEST_REPORT.incoming-2026-10-08.md,4738,d8d37003e54305066b19f2d72e8aad6e797f56004a098f2a01f74e7ed2fe3c8d
provenance/ding/incoming_frontend_baseline/INTEGRATION_PLAN.incoming-2026-10-08.md,3262,cede5296b35bcb04e6e9739913243153abbbb86dc759f3326077efc294b0092a
provenance/ding/incoming_frontend_baseline/README.incoming-2026-10-08.md,7684,389ffc6ff39b3b1fde1d5a41df9611d30504c80bbfea430033b47ecf49a3b741
provenance/ding/incoming_frontend_baseline/TEAM_HANDOFF_DAY4.incoming-2026-10-08.md,5725,97e052c877879c8fecf25d6f4f141a9a46da614d18fa24976eb307675a8bc984
provenance/wang/DAY4_HANDOFF_TO_DENG.md,8579,6d90112707f68d58b3ce229e5f1e1c75e84ed8a6306db6c912a99ee901e21852
provenance/wang/FINAL_DELIVERY_REPORT.md,4183,9a9c2f730dcaf965da8f52173b47a0a8e4ad9f658b22b8e04bba7d073076bdcd
provenance/wang/WINDOWS_COMPATIBILITY.md,659,7f01656d597a3214efc106d1d81a81240195e628e173e3d2e03531e30e89b3d1
release-pending/README.md,1270,6b76006f976bf57e85ad34e09c83b5b41889c78546a9d87f7d591515f2aca16d
release-pending/model_policy.UNAPPROVED.json,1491,be10983e7e3c719b6c1c0cf10067cc813c497b4be66671037b13febaae6a9f56
release-pending/policy_approval.PENDING.json,1191,b9125965101fa3b3ffc19ad1d6d4a9dce77d6871ba04254812d5e8b3a0da3f6c
release-pending/trace_release.PENDING.json,1113,b553734838ae7b1553d5e76179bd611580ac77ef7cbed89c735723da62924d42
verification/DAY4_ACCEPTANCE_REPORT.md,6676,ccb1bdbf27bede9276b50bc3074ed5c7b72959ea7f60ae7535fb956b7949b467
verification/DAY4_TASK_MATRIX.md,6083,2799bef9e3a558e5c12fd193a671ab158e38ace4d8d894d00e81651d36f1ee42
verification/INDEPENDENT_RECHECK.md,2277,d709f0b8e9c1721f65ae456fc4ac51ef84e835710b33396537b068b6bc6080cc
verification/day4_browser_acceptance.py,23110,a618276deb8e12576fa144774c7ada2db9b8b1994059406bdb6071d6dfb2a520
verification/day4_integration/performance_n1000.json,3095,ba9b288c758190b62a2e885a584d898772c0e2dbaff3732b527ceee4f2bcc184
verification/day4_integration/performance_n10000.json,3104,b50592f7c03f57782d365ff4a8d790a4a40fe6a4ad7d8128a22b4361583e83da
verification/day4_integration/wang_agent_offline_tests.log,261,87a9ed0d7257e169a13a0deec694d354a0d49829124d413a168be1bec3e097f0
verification/day4_production_pdf_acceptance.py,3595,0a91f5ff35506d24b002e3867b9fa5493e0dda8cf0440cf06ef141e88cb27ff3
verification/evidence/boardroom-gate-details-1440x900.png,472254,0f85c1d5c01a9ed48b0082399b39ef576737eacc4a8055c11802ac0175032d49
verification/evidence/boardroom-gated-1440x900.png,756516,137ce4f2218f3f9cd8250f2efe13ec127da6857360f0dc98e5898feb22b925e9
verification/evidence/brief-gate-details-1440x900.png,329242,19d56b95ef96f0f5fc8a07adafec53067ed0253bd4b294e85b46c0ca0f5bd9a5
verification/evidence/brief-gated-1440x900.png,694633,405268663b67a07ccbea7560471ee571250de60884b5641652da0876adc6a73d
verification/evidence/day4-production-evidence-pdf-1440x900.png,278890,515af4d6dbd3628f7aa6aa8cd83609e504e46c29f30e6eaa46880d3108e4f4bb
verification/evidence/evidence-pdf-page-4-1440x900.png,235468,9c1b62d4bf6a48d08655b9df148dfe1ae0aade6bffd02def7f065517d12fc5e7
verification/evidence/evidence-pdf-page-4-390x844.png,60848,4cfd1925e2cbb3aed32a800615e6402e3017d535d907cb59818dc94d55c83664
verification/evidence/golden-health-wakeup-fallback-1440x900.png,674999,26c96e12bb45e2324002714de43b2b3cd4a5fc5fc9aef43000ad63569c846794
verification/evidence/live-matrix-1440x900.png,340553,9dd831d6ff9f49678cdd9f90157cf0a0f1583adc7a77e582a7b778fd9206346d
verification/evidence/matrix-1280x720.png,369745,866a780e9771df27913bbefe357ceb320b26eddc77962b4244ba51265c0334e1
verification/evidence/matrix-1440x900.png,671972,d154e5563b2f86ab945c54583c2cdca300e35b0fab19ff5dbc91b34c9ef06f4a
verification/evidence/matrix-390x844.png,133481,c67b2765cab1045c86e21e8ba567ad13ab913d2fb61a7f91e4769a631f1f9022
verification/evidence/matrix-768x1024.png,427577,fc6979867e1cb9d1166fe0432c6f3fc8f577e8ea5d498da0dc30e91e608ace13
verification/evidence/matrix-browse-preserves-live-1440x900.png,317813,14ec5bb51eabb54f770e145db6a90b3823557ebe900f47b03415204c2602ed5a
verification/evidence/scenario-input-invalidates-1440x900.png,378570,732c6de881b682bdf892522d5ee6cec976bc163bc00caa61a0b3a2dd29c58fa6
verification/evidence/simulation-retry-preserves-live-1440x900.png,352377,d68eab42c62ecd047f58adbc51b47af65a97372b418ff4ea158a900bb2ca2592
verification/final/Deng_Jinzhu_Day4.zip.sha256,128,285d9219464646c9cf31c711f8d1847559a88d620ec1ab2cded35a7cdfb8ee6f
verification/final/browser_console_after_live_flow.log,0,e3b0c44298fc1c149afbf4c8996fb92427ae41e4649b934ca495991b7852b855
verification/final/browser_ev024_live_api_bbox.webp,206670,491b6707e45057c57b6e019c1002b8a0dbfb3b4773c8fd49b5474ec02326974d
verification/final/dev_boardroom_gate.headers,542,218e01b7f70b5e3a47f80d72dd4c1e65600ba70ecb6047f9f439f6bcab01a21b
verification/final/dev_boardroom_gate.json,268,b4cd8e78a91a4ebb76ec006735eba520962a64a12c1e543070b129707ad235d3
verification/final/dev_boardroom_request.json,194,cfa6aaaedd18e40d2e2e0ee4b16d4495caca7db880b448bf1f3901baddb71c43
verification/final/dev_cors_preflight.body,2,565339bc4d33d72817b583024112eb7f5cdf3e5eef0252d6ec1b9c9a94e12bb3
verification/final/dev_cors_preflight.headers,482,19390da6ad70ff60519ccc0dd3acb7ae515bf83e2b8c8cae0677632b2b181fb4
verification/final/dev_ev024.headers,270,f257b2a7ec2b603a138470ffbf64ba3cfe089c29e13a4dce15a720ed0dc27a90
verification/final/dev_ev024.json,474,8bf56f36c4dc4e6e3fab4b40740628ea564662ed5b2224cada0455ac4484a456
verification/final/dev_http_smoke_summary.json,663,b2848d10ba9642adfb048f396934be3396f1fb1aed3d881ef3a80da0124843f5
verification/final/dev_simulate.headers,627,5de778a072c5c4548b9520a0c6be40296ad75afb2468df3de96b08a4d61fe250
verification/final/dev_simulate.json,645259,cd0f93452ddafa27940a7f8a1a32b1ae39488b1e81b7c2b861e24a5d25449771
verification/final/final_package_verification.json,280,fb0d02dd3e7c968b828c00f6fb31d21bd4377fcceda8fc7ea30cf3c6a2801fee
verification/final/fresh_archive_pretest_scan.json,127,b008c376c1c15d978f38847736619db8f4078493a626c2d6b55e4b82fa9afc17
verification/final/fresh_backend_pytest.log,670,70969c64259b84c361387cecd2fcfb752003bb000f4bbd8d3720ed7ea998e6b0
verification/final/fresh_benchmark_n1000.json,3095,63a5718c0cc4cdd82e88fce991c2cceb04a338c1494d813475776c1426becd9c
verification/final/fresh_benchmark_n10000.json,3104,e1fb69b0c797b115224268872b31439b6e4310fa72e526800fcc6ef27bdf4a30
verification/final/fresh_benchmark_recheck.log,228,69f1dde288944ff564d35bfd644df7e69413cd0ab64962a1b577a343b651c4c8
verification/final/fresh_frontend_check.log,13758,dc4be12f8521bc2dc5a95597472eb51b8901fcaa67ed4a12c06a813200d59f5f
verification/final/fresh_wang_agent_pytest.log,443,8f24e56dfcc1da7cdcd2abed2d73a867178f4d27b58d78ce112b01a8691838c6
verification/final-repair/backend_full_pytest_after_fixes.log,661,883f6d7229c44fc9c36a2ff08c528ff07e9e0c5b1df9f86fbd19296baea90697
verification/final-repair/benchmark_n1000_after_windows_fix.log,171,d5583224de37072fde902e4c06ed6a47d2239986723c7cc9c3bdd9263fa79ef9
verification/final-repair/benchmark_portability_pytest.log,98,aad379e7b2a64858e712e62619e117bec18395755c8c673c8e0ff100744c7455
verification/final-repair/fresh-finalfix/archive_scan.json,133,98dc677e1da38fbf8a3e1951ef3fd5466e393eace52fc83efed30a7ec84bc694
verification/final-repair/fresh-finalfix/backend_pytest.log,676,e78fd8d1fb3b7ef01ce2c2c20119ea91fc655ab83db7561e5bf1c6e55fe15b62
verification/final-repair/fresh-finalfix/benchmark.log,218,9c4f4b23d811f9575b023bf607ea62a75c9c56a56c050978b8822bf304ab3982
verification/final-repair/fresh-finalfix/frontend_check.log,13751,3e12314e6bf78a16bb3c6b1e0a78729ced9243bfdc5e5c73fe556a6e1cce9f05
verification/final-repair/fresh-finalfix/performance_n1000.json,3331,5d88d57e8ba92d8754190cf75ffa95c42ede78159453d31f0f1efd4c584c4278
verification/final-repair/fresh-finalfix/performance_n10000.json,3340,c4e9fc557c1c99a40e277940d23f87131a97beac44c948aea3aeeb05bc64e85b
verification/final-repair/fresh-finalfix/wang_default_pytest.log,431,37bc1a9a93f8af36a13b55c3c95fa01b716066e86549d7698212fb1694ca29dc
verification/final-repair/performance_n1000_after_windows_fix.json,3331,aa58ac1d1c43cdab0c13973dd7ddab7a54f41f0d10073ac9a0fac682e42d29e7
verification/final-repair/wang_default_pytest.log,442,e989e28d78795fe1dd0ed272d5c885ac91b3df5b21a07a938d5069eebd959dc6
verification/final-repair/wang_default_pytest_final.log,431,90ccef3a54f363774a596f9dcd8f12e67aa162c9a35d3ba243e3f1b96902ed09
verification/final-repair/wang_default_pytest_skip_reasons.log,851,0a25c1685629eabfba73d7ba5166836ff122714931e70c8ba33eb80949f766bc
verification/final-repair/wang_default_pytest_with_backend.log,431,f3dbf8b65457a2756abb0ca7434c78aac2699ce8985f4c723bfbf50c698495de
verification/independent_frontend_check.log,14789,d918f5eb5fb39495ca94f6322a76f90c03dc30a5cddccee51f45726300c83a05
verification/logs/day4_backend_pytest.log,694,d9c76b296c65267454cd08be92d777f26969f710b4bf4aa8c6173df62efa1417
verification/logs/day4_browser_acceptance.log,5162,ebac299c40355dfd65fa75fccf8d7f7f16278e29f0be204c04db7bc5ccf728ca
verification/logs/day4_browser_acceptance_final.log,5571,b3e1c2d8b29542b0606a31d4fe2f415dc9413ba343360c76015493e0ab99c209
verification/logs/day4_frontend_check.log,11924,23000bbd410e2ab143a78e642a53e360150e832619da986343963fc0edb618d5
verification/logs/day4_frontend_check_final.log,12801,0798e128eae4ba4b55d9da99fa754af9427425d30b19f8b4e6a594e1799129d1
verification/logs/day4_frontend_feedbackfix_check.log,13240,65734ad9172bbef3e90c08eb4510a2a6b04a9d46e0b6e377bf6548e9e0feb660
verification/logs/day4_npm_audit_all.json,3900,e279a8451e63a434dd2f6780fcbf260439ea743560cc386b35688f2f1a6acc85
verification/logs/day4_npm_audit_production.json,460,462e7e8a2bd5d681355e363cd69f9ca46acb5c04533cd8aa745dda2f0520d948
verification/logs/day4_production_pdf_acceptance.log,484,4e2da8a5d622ddb32a912bee749f4a4b9350f2680cc7f046b86112aa9f4d34c3
verification/logs/day4_wang_pytest.log,180,64a538555690455d3fce57440936baf680fe8512b7d44d4f871f4da034c054be
verification/wang_day4/HISTORICAL_FIXTURES_NOTICE.md,506,64f931d94b2060ba7cb0b3196599bb642fc34c822717a0a899f32c401dbf2163
verification/wang_day4/followup/live_second/fresh_full_pipeline.json,11978,d2c7b8ef0b6c4432feb4f0d0ff635d8018639b6c1f9388293a834e6cb5c1615c
verification/wang_day4/live/changed-lead_simulation.json,1231714,67140d20e5425d137c7d1f91b8f45420fcb487f5b5d5e1281c32a7901fe24542
