path,bytes
.gitattributes,79
.gitignore,396
agents/wanghao-day3/agent_day4/__init__.py,0
agents/wanghao-day3/agent_day4/allocation.py,13905
agents/wanghao-day3/agent_day4/business.py,5413
agents/wanghao-day3/agent_day4/cli.py,5213
agents/wanghao-day3/agent_day4/eval_interface.py,3631
agents/wanghao-day3/agent_day4/evidence.py,22830
agents/wanghao-day3/agent_day4/evidence_support.py,2389
agents/wanghao-day3/agent_day4/inputs.py,64590
agents/wanghao-day3/agent_day4/numeric.py,25879
agents/wanghao-day3/agent_day4/openrouter_provider.py,46181
agents/wanghao-day3/agent_day4/pipeline.py,35504
agents/wanghao-day3/agent_day4/postgres_budget.py,4075
agents/wanghao-day3/agent_day4/provider.py,9608
agents/wanghao-day3/agent_day4/wire.py,6300
agents/wanghao-day3/requirements-day4.txt,135
agents/wanghao-day3/requirements-tested.txt,748
agents/wanghao-day3/requirements.txt,115
agents/wanghao-day3/tests_day5/__init__.py,55
agents/wanghao-day3/tests_day5/day5_fixtures.py,8387
agents/wanghao-day3/tests_day5/README.md,2741
agents/wanghao-day3/tests_day5/run_offline_ai_evaluation.py,13805
agents/wanghao-day3/tests_day5/test_day5_budget_portability.py,14217
agents/wanghao-day3/tests_day5/test_day5_evidence_support.py,1883
agents/wanghao-day3/tests_day5/test_day5_identity_binding.py,1177
agents/wanghao-day3/tests_day5/test_day5_numeric_claims.py,4319
agents/wanghao-day3/tests_day5/test_day5_openrouter.py,19846
agents/wanghao-day3/tests_day5/test_day5_pipeline_reliability.py,10189
agents/wanghao-day3/tests_day5/test_public_budget.py,2251
API_CONTRACT_V2.md,2445
backend/backend/.env.example,2040
backend/backend/.gitattributes,71
backend/backend/app/__init__.py,48
backend/backend/app/boardroom_adapter.py,45533
backend/backend/app/config.py,2941
backend/backend/app/contracts_v2.py,14359
backend/backend/app/contracts_v2_draft.py,602
backend/backend/app/evidence_locator.py,3505
backend/backend/app/gates.py,7705
backend/backend/app/portable_io.py,772
backend/backend/app/release_verifiers.py,18875
backend/backend/app/reviewed_success.py,16115
backend/backend/app/service.py,13234
backend/backend/app/unreviewed_development.py,15235
backend/backend/artifacts/traces/sim-dev-unreviewed-9d1891657ae72d846c4e.json,1231448
backend/backend/config/templates/policy_approval_record.template.json,1299
backend/backend/config/templates/reviewed_bundle_FORMAT.md,1568
backend/backend/config/templates/trace_v2_release_record.template.json,917
backend/backend/contracts/causora.contract.v2.schema.json,25830
backend/backend/contracts/causora.contract.v2.ts,3920
backend/backend/contracts/TRACE_CONTRACT_V2_RELEASE_VERIFIER.md,1910
backend/backend/demo_data/causora_day1_mock.json,18390
backend/backend/demo_data/supplier_correspondence_log.csv,414
backend/backend/examples/fixtures/README.md,762
backend/backend/examples/fixtures/simulate_request_v1_TEST_FIXTURE_ONLY.json,1876
backend/backend/examples/fixtures/simulate_response_v2_TEST_FIXTURE_ONLY.json,1157477
backend/backend/examples/fixtures/simulate_response_v2_UNREVIEWED_DEV_ONLY.json,1169793
backend/backend/examples/http/cors_preflight.headers,482
backend/backend/examples/http/health.headers,298
backend/backend/examples/http/health_response.json,238
backend/backend/examples/http/simulate_pending.headers,449
backend/backend/examples/http/simulate_pending_response.json,315
backend/backend/examples/http-default-gated-final/health.headers,343
backend/backend/examples/http-default-gated-final/health.json,372
backend/backend/examples/http-default-gated-final/simulate_pending.headers,360
backend/backend/examples/http-default-gated-final/simulate_pending.json,553
backend/backend/examples/http-dev-unreviewed/cors_preflight.headers,482
backend/backend/examples/http-dev-unreviewed/health.headers,388
backend/backend/examples/http-dev-unreviewed/health.json,492
backend/backend/examples/http-dev-unreviewed/simulate.headers,552
backend/backend/examples/http-dev-unreviewed/simulate_response_v2_UNREVIEWED_DEV_ONLY.json,645264
backend/backend/examples/http-final/cors_preflight.headers,482
backend/backend/examples/http-final/health.headers,303
backend/backend/examples/http-final/health.json,372
backend/backend/examples/http-final/simulate_pending.headers,468
backend/backend/examples/http-final/simulate_pending.json,553
backend/backend/examples/simulate_request_v1.json,1876
backend/backend/lib/contracts.ts,8392
backend/backend/lib/types.ts,1828
backend/backend/public/demo/historical_demand.csv,3989
backend/backend/public/demo/opening_inventory.csv,90
backend/backend/public/demo/supplier_a_agreement.pdf,7679
backend/backend/public/demo/supplier_correspondence_log.csv,414
backend/backend/public/demo/supplier_delivery_history.xlsx,6773
backend/backend/pytest.ini,108
backend/backend/REFERENCE_contracts_v1.ts,8392
backend/backend/requirements.txt,408
backend/backend/reviewed/wang-2026-10-07/review_record.json,3437
backend/backend/reviewed/wang-2026-10-07/reviewed_contract.json,7072
backend/backend/reviewed/wang-2026-10-07/WangHao-human-confirmation.docx,21850
backend/backend/reviewed/wang-2026-10-07/WangHao-human-confirmation.en.md,6444
backend/backend/scripts/benchmark_monte_carlo.py,5912
backend/backend/scripts/reproduce_deng_day3_data.py,6512
backend/backend/scripts/start_day4_reviewed.py,1833
backend/backend/scripts/start_review_gated.py,829
backend/backend/scripts/start_unreviewed_dev.cmd,174
backend/backend/scripts/start_unreviewed_dev.py,2236
backend/backend/simulation_day1/APPLY_TO_BASELINE.md,1133
backend/backend/simulation_day1/build_day1_schemas.py,6821
backend/backend/simulation_day1/build_oracle.py,5959
backend/backend/simulation_day1/DAY1_HANDOFF.md,11782
backend/backend/simulation_day1/demo_inputs_v1.json,27832
backend/backend/simulation_day1/historical_weekly_v1.json,12927
backend/backend/simulation_day1/interfaces.py,17244
backend/backend/simulation_day1/oracle_day1_independent.xlsx,12042
backend/backend/simulation_day1/prepare_history.py,2414
backend/backend/simulation_day1/requirements-test.txt,54
backend/backend/simulation_day1/schemas/api_failure_v1.schema.json,1387
backend/backend/simulation_day1/schemas/boardroom_request_v1.schema.json,806
backend/backend/simulation_day1/schemas/boardroom_success_v1.schema.json,9626
backend/backend/simulation_day1/schemas/dataset_success_v1.schema.json,9175
backend/backend/simulation_day1/schemas/demo_inputs_v1.schema.json,10042
backend/backend/simulation_day1/schemas/evidence_success_v1.schema.json,2988
backend/backend/simulation_day1/schemas/golden_success_v1.schema.json,25225
backend/backend/simulation_day1/schemas/health_success_v1.schema.json,1319
backend/backend/simulation_day1/schemas/historical_weekly_v1.schema.json,1355
backend/backend/simulation_day1/schemas/mock_data_v1.schema.json,21729
backend/backend/simulation_day1/schemas/simulate_request_v1.schema.json,3592
backend/backend/simulation_day1/schemas/simulate_success_v1.schema.json,9191
backend/backend/simulation_day1/schemas/simulate_v1.schema.json,7344
backend/backend/simulation_day1/source_models.py,4595
backend/backend/simulation_day1/source_snapshot/historical_demand.csv,3989
backend/backend/simulation_day1/wire_models.py,12914
backend/backend/simulation_day2/__init__.py,81
backend/backend/simulation_day2/api_boundary.py,5067
backend/backend/simulation_day2/APPLY_TO_TEAM.md,867
backend/backend/simulation_day2/cli.py,2085
backend/backend/simulation_day2/CONTRACT_ALIGNMENT.md,4604
backend/backend/simulation_day2/DAY2_HANDOFF.md,6293
backend/backend/simulation_day2/deterministic.py,20346
backend/backend/simulation_day2/export_schemas.py,673
backend/backend/simulation_day2/models.py,6551
backend/backend/simulation_day2/response_validation.py,5336
backend/backend/simulation_day2/REVIEW_FINDINGS_FOR_WANG.md,3175
backend/backend/simulation_day2/schemas/day2_deterministic_preview.schema.json,16046
backend/backend/simulation_day2/schemas/day2_test_policy.schema.json,3346
backend/backend/simulation_day2/SOURCE_LINEAGE_P2_FIX.md,2195
backend/backend/simulation_day2/WINDOWS_QUICKSTART.md,1138
backend/backend/simulation_day3/__init__.py,79
backend/backend/simulation_day3/api_boundary.py,4034
backend/backend/simulation_day3/build_oracle.py,5937
backend/backend/simulation_day3/cli.py,1621
backend/backend/simulation_day3/DAY3_HANDOFF.md,6546
backend/backend/simulation_day3/examples/UNAPPROVED_MC_POLICY.json,1491
backend/backend/simulation_day3/export_schemas.py,887
backend/backend/simulation_day3/G3_DECISIONS_PENDING.md,2719
backend/backend/simulation_day3/models.py,6756
backend/backend/simulation_day3/monte_carlo.py,27217
backend/backend/simulation_day3/policy.py,4215
backend/backend/simulation_day3/requirements-test.txt,205
backend/backend/simulation_day3/schemas/internal_mc_preview.schema.json,20648
backend/backend/simulation_day3/schemas/unapproved_mc_policy.schema.json,6713
backend/backend/simulation_day3/WINDOWS_QUICKSTART.md,1456
backend/backend/tests/test_boardroom_safe_diagnostics.py,728
backend/backend/tests/test_day4_provider_configuration_failure.py,1063
backend/backend/tests/test_day4_three_owner_integration.py,4167
backend/backend/tests/test_gated_service.py,18005
deployment/prior_authorization_receipts.json,5207
deployment/provision_public_budget.py,1815
deployment/render_start.py,3391
DEPLOYMENT_GUIDE.md,1313
evaluation/day5/__init__.py,544
evaluation/day5/cli.py,4112
evaluation/day5/core.py,61646
evaluation/day5/fair_answer_schema.json,1382
evaluation/day5/fixtures/dev_inputs.jsonl,481
evaluation/day5/fixtures/dev_labels.jsonl,987
evaluation/day5/fixtures/evidence_registry.json,299
evaluation/day5/fixtures/fair_prompt.md,305
evaluation/day5/fixtures/model_config.json,178
evaluation/day5/fixtures/source_corpus_identity.json,509
evaluation/day5/historical/ding_day3_synthetic_layer_c/build_fixtures.py,11932
evaluation/day5/historical/ding_day3_synthetic_layer_c/critic_dev.jsonl,80508
evaluation/day5/historical/ding_day3_synthetic_layer_c/critic_heldout_inputs.jsonl,196224
evaluation/day5/historical/ding_day3_synthetic_layer_c/critic_heldout_labels.jsonl,8134
evaluation/day5/historical/ding_day3_synthetic_layer_c/SHA256SUMS,575
evaluation/day5/README.md,9450
evaluation/day5/tests/test_day5_evaluation.py,19318
evaluation/day5/WORK_SUMMARY.md,4883
frontend/.env.example,738
frontend/.env.unreviewed-dev.example,272
frontend/.gitattributes,54
frontend/.gitignore,76
frontend/.nvmrc,3
frontend/API_CONTRACT.md,16119
frontend/app/globals.css,109642
frontend/app/icon.svg,1077
frontend/app/layout.tsx,441
frontend/app/page.tsx,33082
frontend/app.config.ts,50
frontend/components/app-shell.tsx,14330
frontend/components/context-deck.tsx,8625
frontend/components/decision-moment.tsx,2568
frontend/components/detail-modal.tsx,18145
frontend/components/evidence-pdf-viewer.tsx,6961
frontend/components/live-downstream-views.tsx,23851
frontend/components/proof-engine.tsx,18511
frontend/components/stage-views.tsx,39662
frontend/components/ui.tsx,3669
frontend/demo_data/causora_day1_mock.json,18390
frontend/demo_data/supplier_correspondence_log.csv,414
frontend/eslint.config.mjs,863
frontend/golden/golden_run.json,19774
frontend/lib/boardroom-api.ts,17579
frontend/lib/boardroom-template.ts,2549
frontend/lib/contracts-v2-dev.ts,4136
frontend/lib/contracts-v2.ts,1121
frontend/lib/contracts.ts,8392
frontend/lib/day4-types.ts,1809
frontend/lib/evidence-api.ts,8589
frontend/lib/evidence-locators.ts,3474
frontend/lib/golden-bootstrap.ts,2671
frontend/lib/golden-cache.ts,12827
frontend/lib/golden-health.ts,4522
frontend/lib/metrics.ts,7051
frontend/lib/simulate-api.ts,34425
frontend/lib/types.ts,2238
frontend/lib/validation.ts,14063
frontend/next-env.d.ts,262
frontend/next.config.ts,334
frontend/package-lock.json,211149
frontend/package.json,1843
frontend/public/causora-mark.png,19474
frontend/public/causora-mark.svg,1077
frontend/public/demo/historical_demand.csv,3989
frontend/public/demo/opening_inventory.csv,90
frontend/public/demo/supplier_a_agreement.pdf,7679
frontend/public/demo/supplier_correspondence_log.csv,414
frontend/public/demo/supplier_delivery_history.xlsx,6773
frontend/public/golden/verified_golden_e2e.json,641119
frontend/public/pdf.worker.min.mjs,1264342
frontend/scripts/build-previews.mjs,1608
frontend/scripts/copy-pdf-worker.mjs,599
frontend/scripts/freeze-golden.mjs,2028
frontend/scripts/generate-demo-fixtures.py,7172
frontend/scripts/serve-static.mjs,4558
frontend/scripts/start-mode.mjs,705
frontend/scripts/verify-golden-e2e.mjs,2193
frontend/tests/day1-flow.test.mjs,20758
frontend/tests/day2-ux.test.mjs,5956
frontend/tests/day4-api.test.mjs,21770
frontend/tests/day5-wang-request-lifecycle.test.mjs,7816
frontend/tests/fixtures/reviewed-v2-TEST_FIXTURE_ONLY.json,1250406
frontend/tests/golden-bootstrap.test.mjs,4743
frontend/tests/golden-health.test.mjs,6177
frontend/tests/simulate-api.test.mjs,17600
frontend/tests/static-server.test.mjs,7415
frontend/tests/toolchain-boundary.test.mjs,1153
frontend/third_party/pdfjs-dist/LICENSE,10174
frontend/tsconfig.json,563
frontend/vercel.json,414
PUBLIC_AI_DEPLOYMENT.md,1004
PUBLIC_DELIVERY_SCOPE.md,469
PUBLIC_DELIVERY_VALIDATION.md,339
README.md,1733
release/model_policy.APPROVED.json,1504
release/policy_approval.APPROVED.json,2154
release/TEAM_APPROVAL_SOURCE.json,982
release/trace_release.RELEASED.json,2085
render.yaml,1032
scripts/verify_package.py,1798
SETUP_WINDOWS.cmd,84
START_LIVE.cmd,108
START_STATIC.cmd,110
verification/g4-final/verified_golden_e2e.json,641119
