path,bytes,sha256
.gitattributes,79,a427ec3d7a02b8241b74bbcb51b6013d855d12eef5d20382b2359eb94294919b
.gitignore,396,73e450cd1f867e3232cd5af8d0268bdb095182b5419421637740bac6a12f7be3
API_CONTRACT_V2.md,2445,c00114a5fe79dfee61d4489f898d0411c15c880e2a2a9f44fc14e531914634c9
DAY5_DATA_AND_BUSINESS_CONTRACT.md,5749,4f815be56b91f254bd506674097da85996191a8270997c90569cd3d0dd4cf206
DAY5_EXTERNAL_REQUIREMENTS.md,4547,fb855996316411add6c04ac0c57d2729ff97b880e9ddf8d2139c69968d2e7621
DAY5_FINAL_STATUS.md,3025,8dbf7db8c9c2ef5b2faf0163518868cf87d887baec1a9ea34710aa2e1f092ed2
DAY5_RUNBOOK.md,5983,13d72fb3ebf4e7f7181ab585a2a7635becbabfb377ae0999b560419650aa1481
DAY5_WANG_CHANGELOG.md,4441,1a72c0989ba053954da1dec4ea9340ecc076020ce024eaa52005b20da8d7f242
DAY5_WANG_REPORT.md,12150,255ab1ac552bd7067f26363b7d67f185e00ee66a960c6e537fb54891a7b338f0
DEPLOYMENT_GUIDE.md,1313,c619cb80ab359d5b3cf64b3931e31c565399264d9ab7a24c5b218ab7c8d0c7fb
PUBLIC_DELIVERY_SCOPE.md,469,35ef6365197c2498c47b501ec008bcaebfcb0cdd0d5f5837d302087eaa7d241d
PUBLIC_DELIVERY_VALIDATION.md,339,b00abb68b7a9fb35cd2c2bcb524767d7f18204ee58859bac6ecbe7c02a4405d6
README.md,3252,ada1d0157ed82927512b3285890fea4964ade00e7625f3252412b8cdcd4836c6
SETUP_WINDOWS.cmd,84,44b37dabde714ac3d332e197e6d2878d15f447297fd6a2ee90a447b5c22ebc42
START_LIVE.cmd,108,5e110a977ca0433954ede7eb1aeb34a5dea581648f8eb1a1526188ec4ab28169
START_STATIC.cmd,110,dad7f187a4a66ad716234f1190c8cfddfcf709003fce89afcbd6293e26d21aab
TEAM_DAY5_STATUS.md,4904,d2b715df0fb45e70b4af7a04b63faac7d6e57b1c0d9db5dbacbb55da6d3e8886
WANG_HAO_DAY5_HANDOFF.md,2462,655fc688dd05170966252dd709cdb199c24a0ca25edb20571e30e3705ddfb8e5
agents/wanghao-day3/agent_day4/__init__.py,0,e3b0c44298fc1c149afbf4c8996fb92427ae41e4649b934ca495991b7852b855
agents/wanghao-day3/agent_day4/allocation.py,13905,0dfd0ca49954b503a09ce3acf263838517bddc1ce900d9ac373217cf7484e3cb
agents/wanghao-day3/agent_day4/business.py,5413,b1548ba4398c5111d266ed57f8e53176e9e0acbc7739fd3e132c3f10c35ac9c6
agents/wanghao-day3/agent_day4/cli.py,5213,543b4cdef7d7917c22b2f5df7a256c444299af5fec81ece2a2b5c0ba8f33e6b1
agents/wanghao-day3/agent_day4/eval_interface.py,3631,f1ca9cb2bf783ae365b033d0bfb82aa712ac309f349d41c1b181e4325f0761b9
agents/wanghao-day3/agent_day4/evidence.py,22830,d8647599b13b2db984a77f9899895eb01b338ac84f8d11fa983f215e98b27c09
agents/wanghao-day3/agent_day4/evidence_support.py,2389,52433d2be733d18ff5a0a71e7fbdccb060a08e39b1dc305c89f409bd2fb257ef
agents/wanghao-day3/agent_day4/inputs.py,64590,47db7f61fc55fa91e9fc843ca2a6514658b551593b79b5a6edbede29e181dc30
agents/wanghao-day3/agent_day4/numeric.py,25879,2552e96c213f5a5bdb0f2fe8ef10df22f5b07cd48762f5b17f7f81d374e30530
agents/wanghao-day3/agent_day4/openrouter_provider.py,46727,31d7d6f238e945a049c42a920cc40ca45b91e7e2498da602431b4feb17701e7f
agents/wanghao-day3/agent_day4/pipeline.py,35719,3baa214e243678acadb4d3e6724ae2b120f3a2ba51fe91498d0046636862139c
agents/wanghao-day3/agent_day4/provider.py,9608,630466cf182222938e5a010d91172a782fa210d738a76db567c20301d3d3c819
agents/wanghao-day3/agent_day4/wire.py,6300,c4b3e9b2bfbdfde66454061dd88fe24ac94fb0d68c8f37eed7bc14f384751dc5
agents/wanghao-day3/requirements-day4.txt,135,e573730b9d6f03951c873c5c3a1a906c7d923b9cfdadb339d1c823b25901b84c
agents/wanghao-day3/requirements-tested.txt,748,62162b3d10a2aa8238622f1e4d7dee875bafdd71c03799efc56bda99cf8b02b3
agents/wanghao-day3/requirements.txt,115,8c32692925be7f6f7ac26168db8104656a6edf8b31db09e902920a1c5e6cd3c5
agents/wanghao-day3/tests_day5/README.md,2741,acf8586e422995a213f7a01aa88c15e91d1903dd9abc6db48b989a97a443420c
agents/wanghao-day3/tests_day5/__init__.py,55,8d8786af3c1003239e2ff8120b4b4807267c98e87aea462126906270741581e8
agents/wanghao-day3/tests_day5/day5_fixtures.py,8387,ca647f62da8bffb435fc47f2ef2f04306fbae73cfbf996a2dbb8f05fe0b6332b
agents/wanghao-day3/tests_day5/run_offline_ai_evaluation.py,13805,6a921f08201365a0e777562bafae69805086d391b59b62606bfd80509413d450
agents/wanghao-day3/tests_day5/test_day5_budget_portability.py,14217,705b9b00748ab8a58ca3d63b7df7205024b58811dc68515fa08b692b08696ce4
agents/wanghao-day3/tests_day5/test_day5_evidence_support.py,1883,8542fdfeba39890a67f162e8f0d537a3e35ce7cc708ec5a4ab6d2d07e9f19a6c
agents/wanghao-day3/tests_day5/test_day5_identity_binding.py,1177,6ff39ac1f40f66b7ac34c89351d714252e7296e7e68c2bdcad8517c170735de1
agents/wanghao-day3/tests_day5/test_day5_numeric_claims.py,4319,c98855269b49facb5e637035436b3dfb13752bebdbc399b872c955ddbc8487cc
agents/wanghao-day3/tests_day5/test_day5_openrouter.py,19846,5171ce755f3b2bfd68b08f57546f864e1cceb88314e066f90b4020e10958fc5b
agents/wanghao-day3/tests_day5/test_day5_pipeline_reliability.py,10189,caf051fa90cb16ba8e8f7e7d74e1e31f5ff5f4b3f9fbe5d9cc3607f38bfe405a
backend/backend/.env.example,2040,2ce8cc37716cffbcc3a866269ea608e33becb7ee154517ceb31c66d8dcb2e663
backend/backend/.gitattributes,71,7dd0549a549be88ad3a7edead22a73d4434b857c4409d05af934dfffc9fe7a19
backend/backend/REFERENCE_contracts_v1.ts,8392,2c4eb25fab520c76a8d0622df3425eea443d56440a067eafdd18f148c030176d
backend/backend/app/__init__.py,48,ef899e9f1056f2c5b7b59a76c85463221a2a55d8c01a9e4d4123ed7f2e6cd357
backend/backend/app/boardroom_adapter.py,45533,633f690b8f72d4b2d276858b523a9112671150b258621599c2fe313b0b914124
backend/backend/app/config.py,2941,4f411ca9acfcdb231f69dc3f7b2cbe99c7eb6ba9d38ea4e1792ef062855db267
backend/backend/app/contracts_v2.py,14359,958eccff2b98206ac0f0bcd19e5831223f92746411e2384d6b24c15c1402ac96
backend/backend/app/contracts_v2_draft.py,602,35f9f16912a20cf3766f766eeb4833bb31ea594c0fa7b84455ea1728371e42f2
backend/backend/app/evidence_locator.py,3505,8eb1f03a5ce9f297e9d0fd9a6b5f2a37df870c2ebf7699bc4e4efc169feaaaa1
backend/backend/app/gates.py,7705,a7cb48a455bd786c52f5c5c4aa25fb44ed8860aa64c635e5670e9e7e2ae9b6d0
backend/backend/app/portable_io.py,772,31c9b0b691e0799bfc7fac381a1c757e70dee2d8773eff06c28d1bf28b951e23
backend/backend/app/release_verifiers.py,18875,b3d0ff6f0a79fc539ec6593c940aea9d091eac3bdd45ac1f858478194bb752b0
backend/backend/app/reviewed_success.py,16115,9b65fcdbaf3cf8afa07493a7cd76ad13ce55e6fbac099bc4cf58be911caacdd6
backend/backend/app/service.py,13234,3094e7354f03c75825e9943abd5c2e2c4ccf4ad0731a1436cb090103c40dbff0
backend/backend/app/unreviewed_development.py,15235,7eaa823b0d14d40ec02dea07e9f74a0f3af73952152dfefb6856c399e264af62
backend/backend/artifacts/traces/sim-bd035fd481bba8907eb8aedf.json,1220951,bcb3d0afe239190d12272c9efc6b659f05a1011b6ebe6d2fd2f769850963c87b
backend/backend/artifacts/traces/sim-dev-unreviewed-9d1891657ae72d846c4e.json,1231427,2839ef35156cade1f7ee665df3f24395ba0486cb55c63075801bed9cf22eb829
backend/backend/config/templates/policy_approval_record.template.json,1299,da708b3e1edd491569fd003c65b9ca91593715369c5c53590575cdf4b436b603
backend/backend/config/templates/reviewed_bundle_FORMAT.md,1568,eedd58b052daf1297c049e45a984d7d5433d20a0f47d2aaf7b01bc367378f1f0
backend/backend/config/templates/trace_v2_release_record.template.json,917,85d6112bac519788044f8216d000c2fc29a266e9017a5b2f9c8e0be26d7f06f0
backend/backend/contracts/TRACE_CONTRACT_V2_RELEASE_VERIFIER.md,1910,4347975f013aa4b4597b1a67237a5c1179bb7d27d1e40b0fe672ef4335b38025
backend/backend/contracts/causora.contract.v2.schema.json,25830,7eb78481a7eeebcf91ee2b844ad70548b60e35d0225ccb73267d1d860638b06d
backend/backend/contracts/causora.contract.v2.ts,3920,9bff1baecc3e792283529ac89b7c31ddd6e01ea07f125f8802cceccff477e52e
backend/backend/demo_data/causora_day1_mock.json,18390,7002888a4d9f831a7210ec0dbf6cfd556c4c22a134d41e2f0d9674689ceddf56
backend/backend/demo_data/supplier_correspondence_log.csv,414,25dcd672d60ff549d870f4b7169f9df1f4b84e0320d8861f06de3b15b43e6952
backend/backend/examples/fixtures/README.md,762,c4e24dac83c8d6c9b45bd3c4cb8f86f158fd19c5405a411fbcf5ee79b40b2495
backend/backend/examples/fixtures/simulate_request_v1_TEST_FIXTURE_ONLY.json,1876,20af82c3bdf5502f4c6d41a74f8d9e9fa5c6c6f87f8014977ccb9135ccae9b23
backend/backend/examples/fixtures/simulate_response_v2_TEST_FIXTURE_ONLY.json,1157477,6b3fa07103c326e2c34962bd3d7e6c0b1d2e00f93f7f821be163f429cbafc9a3
backend/backend/examples/fixtures/simulate_response_v2_UNREVIEWED_DEV_ONLY.json,1169793,7d409effe1656271bbfe625960566c1e1089f6ead0e1def9460e781bc9075672
backend/backend/examples/http-default-gated-final/health.headers,343,ef2634031452e2a845be5db6b5e778ce922cbda6c5f5c85a8282afa88e62c909
backend/backend/examples/http-default-gated-final/health.json,372,ad2ff0505120c4d3c3db7c8e1f4ea0ef6cc8ff8433f16b804da6f6cb4f014a76
backend/backend/examples/http-default-gated-final/simulate_pending.headers,360,2121dbdffa95d9e2d0e82da2e6f53ca1f9873692d77d2e83dd3a96b0a1f0b781
backend/backend/examples/http-default-gated-final/simulate_pending.json,553,cd7ef3baeafa81a3ea3c020befe23b02fd7b70293a208cb87fdaf009b73887f8
backend/backend/examples/http-dev-unreviewed/cors_preflight.headers,482,c7ee2d8d9e74f07465923f96b7d73b4f580ff05129a655e7f8d9c923bc56bb04
backend/backend/examples/http-dev-unreviewed/health.headers,388,4590ac9d672c828dd591ffd3557e988322b609baccd86927203da06d621d3d36
backend/backend/examples/http-dev-unreviewed/health.json,492,af6f1801aeba0ab3f6b62bfe079fc311e57df3f425119d0e680ecd9506a4b2b6
backend/backend/examples/http-dev-unreviewed/simulate.headers,552,e804421cd6ff22f3337d19b2eeaf08ea7fbc750c67ab6f56681f50b10f8512ac
backend/backend/examples/http-dev-unreviewed/simulate_response_v2_UNREVIEWED_DEV_ONLY.json,645264,4c7f74ff7bdcb5fc0b72587b3e14548d7038974867136917df8d1f40f549b694
backend/backend/examples/http-final/cors_preflight.headers,482,afbf9731887b8229e92303fc6b867ad8f156df1b109c5d0e9378e7cddc23ffc0
backend/backend/examples/http-final/health.headers,303,82570a8039576a0dc532e1d9d823309c9652eb5bbdbf73b89c13a6ab179a14ef
backend/backend/examples/http-final/health.json,372,6f62941df21887ac243e46aa0930a4b26b1adc41f4e11899374cd0ba5b576abd
backend/backend/examples/http-final/simulate_pending.headers,468,c9445a74bc1e6caf6ffd4e52a5cddcebe56b43a4bb652dfefe5279b8d232c732
backend/backend/examples/http-final/simulate_pending.json,553,a477ef902218ae51c04d53ee3e9265a31e3ac58bd94bb87a44aee82d043d2f83
backend/backend/examples/http/cors_preflight.headers,482,814e1e6c7b433a6fa87ea6933f43a11bd01d8f6c27deb85646dd3f46451a3af6
backend/backend/examples/http/health.headers,298,b2b25104738a7563ed6648f3147a019bec206ade128c7b01657547199962d807
backend/backend/examples/http/health_response.json,238,ca20d94f445516c5ee2085f8471a4443fb163c9da66d097d7d55993a7e36d43f
backend/backend/examples/http/simulate_pending.headers,449,d6af4e77e69e3def05bcf3ff2c7f1447f891e68064234ff27e061b5c93250034
backend/backend/examples/http/simulate_pending_response.json,315,44eb954ccc9d554e01943ce912aaf61e5ac3ed93294c85042b7822eea373d9c0
backend/backend/examples/simulate_request_v1.json,1876,20af82c3bdf5502f4c6d41a74f8d9e9fa5c6c6f87f8014977ccb9135ccae9b23
backend/backend/golden/golden_run.json,19774,c8c267ec13cbd7a90201e0669cec3f3b41eef898c40660b542f11d1c6fdb1ee6
backend/backend/lib/contracts.ts,8392,2c4eb25fab520c76a8d0622df3425eea443d56440a067eafdd18f148c030176d
backend/backend/lib/types.ts,1828,13fcbf969ae96a8e34e09981b56d32361de215d9171357a35ef5d61afeed748b
backend/backend/public/demo/historical_demand.csv,3989,654a22f3f5433e214611f3c5a69b625bedad2d11157dedfa9cd65bbb14d3499e
backend/backend/public/demo/opening_inventory.csv,90,c2ad7ff5d928623f69d2599fea47d20c008c3b1fdd4d3879d29dcc2799ffe067
backend/backend/public/demo/supplier_a_agreement.pdf,7679,1e816c38cae6a045ef8b05426bb4c87ed160f119a52ac8adc65be074ef8c183f
backend/backend/public/demo/supplier_correspondence_log.csv,414,25dcd672d60ff549d870f4b7169f9df1f4b84e0320d8861f06de3b15b43e6952
backend/backend/public/demo/supplier_delivery_history.xlsx,6773,cabeaae5d3a9ba23f863734fca3b3080bc85d121b0dba75a7f6457fa76c56298
backend/backend/pytest.ini,108,79467fa11d8648321d2336c2f58220b66d0696b67ecdbe89350678aa3cfe854e
backend/backend/requirements.txt,339,0497bef9d820ca2a9978ed96c3c5ce994046a39f42276d9c072bf7bfe374c158
backend/backend/reviewed/wang-2026-10-07/WangHao-human-confirmation.docx,21850,588ea89123cfeb69ad9b904bd0cef4f2272407db39b3ee70ea8c0ae71bd53310
backend/backend/reviewed/wang-2026-10-07/WangHao-human-confirmation.en.md,6444,e41afe73c401bff0c4e3b725be0bf8c6a9ef8422c00712d21256db054f2484b4
backend/backend/reviewed/wang-2026-10-07/review_record.json,3437,6eb833045626f1af67bc87b8b938fa1679a9e15eae0a15675629615ad435fe66
backend/backend/reviewed/wang-2026-10-07/reviewed_contract.json,7072,ecc76631c816c99f90b91ef974af53ce0100ca66f1503c92a2099bbd436ebb3d
backend/backend/scripts/benchmark_monte_carlo.py,5912,d645da9cbe4429acea7660a70d21e19f9830ff702f66074b9464acf8fac9bd28
backend/backend/scripts/reproduce_deng_day3_data.py,6512,aae67a2e200e467e7274037ad0f7fe810ddfca1201f29fd519bad6a899c6a902
backend/backend/scripts/start_day4_reviewed.py,1833,7028de4347cc058e0d11e3d74ed28819ec00e165cbb6525de9e332c43af4b1d2
backend/backend/scripts/start_review_gated.py,829,6ea48aa0c73e13645cff77f78304935538986c2d4658f234c857637ec204a9d3
backend/backend/scripts/start_unreviewed_dev.cmd,174,605e8f2dfada9a12247ecd57dddb5dbde6f5ad6d96e9d9e76436fe7b8723a650
backend/backend/scripts/start_unreviewed_dev.py,2236,415b689a8f882ccf02915aad573458a951b37d87c9bc63028b2f09e0b490743a
backend/backend/simulation_day1/APPLY_TO_BASELINE.md,1133,87e7e0f96401ba034aa196f59d4c8bb42ae96b1bcaf72a684cd8ab620a861a0e
backend/backend/simulation_day1/DAY1_HANDOFF.md,11782,36c1a0b5b79f60616f94ed502fa10aed5b78d44e52d15b62a2b0e60c916effd3
backend/backend/simulation_day1/build_day1_schemas.py,6821,a141f2f582c7360f028f484798dfc290eaff97be815860ae178debd3d2fa2f34
backend/backend/simulation_day1/build_oracle.py,5959,fe60fbb4923813cc1f3de78d7ccb160e7c2d2edeae774ab1f6b0967aa3f9fdf7
backend/backend/simulation_day1/demo_inputs_v1.json,27832,607ae2aedc059b1b9bea8fe46874ebee1868b4569132e94e2319072dc751fc3a
backend/backend/simulation_day1/examples/simulate_error_not_computed.json,511,be8dfde8ceca9cb10a05b6c5809ba5e6c522994519420337ccc06bdb7c14635e
backend/backend/simulation_day1/examples/simulate_request.json,1876,20af82c3bdf5502f4c6d41a74f8d9e9fa5c6c6f87f8014977ccb9135ccae9b23
backend/backend/simulation_day1/examples/simulate_request_no_feasible.json,1871,36b7f717484824df2ae21a0e3cdc368963b54da9403109ca70485cf3547d1417
backend/backend/simulation_day1/examples/simulate_response_LOCAL_MOCK.json,8581,ba1ec9a2d946f8135ab351d41e9d87aaa72217518585d0e6db04b353c292ceb4
backend/backend/simulation_day1/examples/simulate_response_no_feasible_LOCAL_MOCK.json,9159,e04285f87cb855472323ee9c311510c06048f991b69eccef93b6d5fe68460a38
backend/backend/simulation_day1/historical_weekly_v1.json,12927,fa80fe774a14e97fb490c283d65f0723ec9699e3560b6c708ca604945db77bb1
backend/backend/simulation_day1/interfaces.py,17244,35ae7773e5ee1ed60fcb8658a9eb30fb6c2233f325f415d6cc5b0d9c7a0b1c36
backend/backend/simulation_day1/oracle_day1_independent.xlsx,12042,f92c4a55185d1b31d895a3b00e4b0186ece6fb2a7f303a0e7b23742749e2e82c
backend/backend/simulation_day1/prepare_history.py,2414,1ef1d97f4f25dc9aac2ff1db9e0f0296e0689ec6bd329787000e89273ef9417f
backend/backend/simulation_day1/requirements-test.txt,54,1d5adf18161137a9ea686c06bae23ad0f8b3bb0b8bceaa9033ec38f0adbe1637
backend/backend/simulation_day1/schemas/api_failure_v1.schema.json,1387,86f8727fe41a3d7c3cf8c5ebdf398168b183fb1ae9fc6f46e0d740a8cc6a3f9e
backend/backend/simulation_day1/schemas/boardroom_request_v1.schema.json,806,a02681d23d324fa0dca736383d759625145d019d431e2f26eabf8902d5b8d1c2
backend/backend/simulation_day1/schemas/boardroom_success_v1.schema.json,9626,e1ebc32df0407b4d89e604892101716e93777427219c2e5b14d4eec6731c476c
backend/backend/simulation_day1/schemas/dataset_success_v1.schema.json,9175,9092ed6e97f3083db616c70c1c128746d047d42fc593e17f2ae8776905eca872
backend/backend/simulation_day1/schemas/demo_inputs_v1.schema.json,10042,ccbe490c2921bac56bba48015c45a58cfb6b4d7b111132b86a3bc57cfc2a7b6c
backend/backend/simulation_day1/schemas/evidence_success_v1.schema.json,2988,80858fc1b5ddf68d7ca566289b814e137b1ac563ed1a768c3ff8d7f06e7ed7a6
backend/backend/simulation_day1/schemas/golden_success_v1.schema.json,25225,d516970acf9213e6dac8015efa0e831da987f1fe49d6c2dde4a654f7f561aeeb
backend/backend/simulation_day1/schemas/health_success_v1.schema.json,1319,88744568e3c0c31f6250b412894bd74f3d2a7314a788dc6fa78559cac5b0e19d
backend/backend/simulation_day1/schemas/historical_weekly_v1.schema.json,1355,4f60dc076616d07d259d519bb66bf003790e098aa67cf484935c882a5dc78a42
backend/backend/simulation_day1/schemas/mock_data_v1.schema.json,21729,c3c03eeb34f6f802af75e0a65779cba62dd4aabeb88d2792c6b5c5c0c2d05864
backend/backend/simulation_day1/schemas/simulate_request_v1.schema.json,3592,b975b01f7af48a3bcd5b81e9c4163cdaf4f6cb7074e827c476f3dd425b649592
backend/backend/simulation_day1/schemas/simulate_success_v1.schema.json,9191,12b08afa0e7460d97c32edb6a965cdd8d6bcddaeb1f8f0ca9dacfd0ad80e1a76
backend/backend/simulation_day1/schemas/simulate_v1.schema.json,7344,65c356908f47fed5c024dda31f7210e9582dd339447185681ef23b21ab613a32
backend/backend/simulation_day1/source_models.py,4595,5202c91de2dfcac97ee9cccaea2820b18456374c912b8025d56b8a8c36e398bd
backend/backend/simulation_day1/source_snapshot/historical_demand.csv,3989,654a22f3f5433e214611f3c5a69b625bedad2d11157dedfa9cd65bbb14d3499e
backend/backend/simulation_day1/tests/test_day1_interfaces.py,11875,bd0d357d5c9c5c867326a55d2b54ee1792bef0da0e3a84fd973adb8d4dba23a7
backend/backend/simulation_day1/tests/test_schema_coverage.py,8203,5207ad13176281c7f9186f5445cfec29537456b8763bfa5acdbb97d1d43c2919
backend/backend/simulation_day1/wire_models.py,12914,b1033d6acd79d57f5fb3fe0521c15e44c2548044b9c8519f0749e0b7d5be5e3f
backend/backend/simulation_day2/APPLY_TO_TEAM.md,867,56021b85cca712271996164710861975c4956b309df9a3ce0257a124e2e9de31
backend/backend/simulation_day2/CONTRACT_ALIGNMENT.md,4604,a3cb1d69bb9f073e14681366161245537089d185cb86001c5536aee5c648d29f
backend/backend/simulation_day2/DAY2_HANDOFF.md,6293,c360d7db5ebc9870a2a1e545f0f71dce1b072e3ab3a78132018048e91bd4c08e
backend/backend/simulation_day2/REVIEW_FINDINGS_FOR_WANG.md,3175,9a7392e8ab94690485755483d0f2c32ca159df6db7a659b9d3029ff8e45dc979
backend/backend/simulation_day2/SOURCE_LINEAGE_P2_FIX.md,2195,0af49a83bfc9f6dabb54046723c3cdd2b16b1e5c63da79fba981c6a795ac4856
backend/backend/simulation_day2/WINDOWS_QUICKSTART.md,1138,9027d8e19c3052b1c154269a96085b709cfd80b2f09b363fa3c8528bb2857470
backend/backend/simulation_day2/__init__.py,81,79eb3de3bee1bdcb9a82551e750732820e2196ed8bbacf0699aed3c4809310be
backend/backend/simulation_day2/api_boundary.py,5067,5b31e14f4ac43f7be23ad013c264991f53a641bb3731f61657b13e648d258a4f
backend/backend/simulation_day2/cli.py,2085,7845ea66428ffb744d447360c43864045a50d4f0f63f0cd27f505c6292beac63
backend/backend/simulation_day2/deterministic.py,20346,f0d244ebe88afce70449b6b1b8287bf7a93e92886783782cca3fd795a9cbd27c
backend/backend/simulation_day2/examples/UNAPPROVED_TEST_POLICY.json,781,ba138a97d1203a2717fb3971e31a794506eb28b4a2983206cc6ee845bd6858c3
backend/backend/simulation_day2/examples/day2_preview_UNAPPROVED.json,868100,5a4fdba63f6b363c27684685b9af9a98570af536d5a5ebaa2965304cfcf03f9c
backend/backend/simulation_day2/examples/simulate_error_PENDING_REVIEW.json,329,8a6162d880b63e409d4df00cdd637f560f686ec68bf21e4261cb28c75d2868f6
backend/backend/simulation_day2/export_schemas.py,673,9a1925a49c9e8f62c8e9bb1219dc26c02b8e766c7bcd914fb2451300bd5e85f3
backend/backend/simulation_day2/models.py,6551,b71d83091478c1fdf47bf694e2ecda453157a4990c331592a13c0609aa7dcd62
backend/backend/simulation_day2/response_validation.py,5336,b5dcc58855ebd64c89c906ad8e2054147cdea1f86bc8adaf4cad4b3b5c4320df
backend/backend/simulation_day2/schemas/day2_deterministic_preview.schema.json,16046,39416c7a72dfad745929cb97faa71c0b1935fd14cfe6f90a6c7edd86e5c5bf1d
backend/backend/simulation_day2/schemas/day2_test_policy.schema.json,3346,6ba13ec8c5a0e05c02341be7082d5cde29971910ec52907cefc64d69cb3c85d8
backend/backend/simulation_day2/tests/test_api_boundary.py,3519,a63799c84e101bfd5edb18ad49815141c6d6cfa95ee64789772432493951d5d1
backend/backend/simulation_day2/tests/test_cross_language_contract.py,2560,fbb8a16dbedff5a98060870fd0d3cb7d16ce9070ae0ffc1b51f2e197a874fe77
backend/backend/simulation_day2/tests/test_deterministic.py,12654,b0aa4b29dfffee58414fee94f52d81a9e02e0f4e3ef907285a346c5bd26accf3
backend/backend/simulation_day2/tests/test_response_validation.py,3161,0b84f3c38ef6b7122cdb213fb55f9f7d2aaecaa234883df2f0ff279f9c091d58
backend/backend/simulation_day2/tests/test_source_lineage.py,5245,cb3c8682684592cc94cb582871b3001552bb01790da9aed4c74bd72e8f850642
backend/backend/simulation_day3/DAY3_HANDOFF.md,6546,f8f0d0839e0ed31305d92938fb10d22770955c471e5220d6cc3c21b7194fa3e4
backend/backend/simulation_day3/G3_DECISIONS_PENDING.md,2719,10f0990895086b30761b4074878ae1ca21ece8ea3740d8c0f1a0076a27efbf6c
backend/backend/simulation_day3/WINDOWS_QUICKSTART.md,1456,6f4006a2b9369d1054fd2e58778e590c44fab9ff6216faa9ac7db0c50e8f137d
backend/backend/simulation_day3/__init__.py,79,1d2238565432f07902ae2d0955ff5d38fe9106375a20504b6257277816e9facb
backend/backend/simulation_day3/api_boundary.py,4034,e398f0d6d892be02bbbdfc09d85a90210ec6240d447b5af34db6385fb43b49a4
backend/backend/simulation_day3/build_oracle.py,5937,4ab446c612e669dd3fde050e9b34f1164509bc12440f5e7ada0eccc02c9911be
backend/backend/simulation_day3/cli.py,1621,7be92836116981fde4d103fd6359365298c96c16af2b39a2a915cbcc187e7dae
backend/backend/simulation_day3/examples/UNAPPROVED_MC_POLICY.json,1491,be10983e7e3c719b6c1c0cf10067cc813c497b4be66671037b13febaae6a9f56
backend/backend/simulation_day3/examples/day3_independent_oracle.xlsx,11357,7552f837d01a275b1f3a75b24b0c11091888a977ab305105ae4655ff32378275
backend/backend/simulation_day3/export_schemas.py,887,88b69b264c156c8490385467f7d08e261dbfc12e7e7466e7fa0fd10873b773c8
backend/backend/simulation_day3/models.py,6756,26504bc029e704fc125e6afb57bc6592f2caf111ea54ba4e05a81e9df462b5ca
backend/backend/simulation_day3/monte_carlo.py,27217,daaaf84bb5abeeff7b89413ee9d0d5e4d6fd7e8da48bd1985daf360eac755da8
backend/backend/simulation_day3/policy.py,4215,0dd84f4f390254a5897f73c6e96a9db54650b295d32ca8a85c9d0bc536dc9d47
backend/backend/simulation_day3/requirements-test.txt,205,39f7b2ec4a32151577ddd468888fd491a6e7fb8267f88f602069e9521aa95308
backend/backend/simulation_day3/schemas/internal_mc_preview.schema.json,20648,f322ab64c0161d3443b5bcffd8d12f1d2ad203d70cb1c7acfdd26c21ed810c9c
backend/backend/simulation_day3/schemas/unapproved_mc_policy.schema.json,6713,5943b2caa817982575fb7cc7bb4036ef05de643f0a99db5e88c9c110be32f7cf
backend/backend/simulation_day3/tests/test_monte_carlo.py,19338,95fc739256eba45b49daa30b77d52660ffc65c203ab6bf8f2d2b7d11d5f66188
backend/backend/tests/test_benchmark_portability.py,1633,a2b33f2f3ba289774e55499bb9577b53b25c0289df993e714032455400e0e7a3
backend/backend/tests/test_boardroom_safe_diagnostics.py,728,172d6376e1f957ff90b054603286dc65c79c73c51a9dcd0a85896874d1e34d4e
backend/backend/tests/test_day4_provider_configuration_failure.py,1063,d031a32643a6234a7b86839df09f778dc0c51fdfed231fb615990821bbcf74fa
backend/backend/tests/test_day4_three_owner_integration.py,4167,9967eb9fa2eee491b583c5f7754063b01660761446d996c34c619ee9a520aee4
backend/backend/tests/test_day5_benchmark_strictness.py,5265,0a642d13257f212da4c7a0f39211f32eaf5b979e45f358deadf3f29c48d12f13
backend/backend/tests/test_day5_deng_oracle_benchmark_deployment.py,6872,82ee15a25731ee26a79f80411e8ff75ea96e3160813f1c26c316502579779965
backend/backend/tests/test_day5_launcher_safety.py,2186,d90008a5d697a16de0c63d15505a4acdab99b349febe66fe5f8c1be3d117a52c
backend/backend/tests/test_day5_wang_lifecycle.py,7647,f6fae437456d474cd2ec846dd3a8fcd7732ec053a7efd69da7c3f7bb4be743c0
backend/backend/tests/test_gated_service.py,18005,68ed8c268f77fabfc12fc021b46151a91f0e378fa2f51e54b3f881c76e9501a2
backend/backend/tests/test_reproduction_portability.py,1697,5790d259ca9610234fc2ddfb9ecbda3afc599ddba1697fce2f730e121d957bc2
backend/data/SOURCE_COMPATIBILITY.md,1282,f3ddf70990b9a142518aea88cf151114a625c8f6a6efac83fc4ab63c1165b9e7
backend/data/deng_day3_data_manifest.json,973,89f42932f673c97f6b41fe9ff606350b3bf023e0dead5021c3728523618ba2ec
backend/data/deng_day3_formula_traces_UNAPPROVED.json,868505,26923960586555fb7d06191b9e638a72c6d4665c097b91f241ce878c9b08142a
backend/data/deng_day3_matrix_deltas_UNAPPROVED.json,9868,ac60090c535e11b7f9e82dfba6b87d36604e452bdfa6862c219820da3acf2412
backend/data/deng_day3_monte_carlo_full_UNAPPROVED.json,877175,eb4dd2a10f385e54cedf9f3939a9b1289ea0f47976ed8c0175461bd8e2d5fb9c
deployment/deployment_preflight.py,2963,381b46afb5f35fdbeeca42261e10a144a893b14b51ad4707322eb912e2185750
deployment/render_start.py,3391,955dd615e310166213fce1f54b1ff677aff805909caa977a573d58fb4537ff62
evaluation/__init__.py,93,723c30549496e78897dbdf57419066502dd851fa59b93f05a27f0a2e8011b605
evaluation/benchmark/BENCHMARK_DISPATCH_AND_IMPORT_GUIDE.md,3611,d89cc41873bb7c1a3f575a766cbd36272d541a13f80bbdbafd1d0fb17d1dd741
evaluation/benchmark/README.md,2313,5b4a41e0afb20df9bf2c6e749373a64572b52d5e12f30b8d863818160db7bce1
evaluation/benchmark/__init__.py,65,acc428cc3e6e797e72ccaff9638ad1cdbe40fd287ff7ed89f49b7dfa2a6a047d
evaluation/benchmark/benchmark_common.py,4994,4b51f8f81824dfe1c37dbac2ebe147a029e8a5af714220e603e0d0cb3d691424
evaluation/benchmark/benchmark_contract.json,2820,2e56c5fa9d059c500bd01fe0b8079ac2ec823088b52a5cea5872d7a2058b92b4
evaluation/benchmark/capture_template.json,1072,f1ac4e6fa6ef26664779007f85f0ca8b522fce632986ef5b9e5f111b57ef4c46
evaluation/benchmark/causora_control_runner.py,5596,96fa8a91e5ffc2998695a62f76a1cf307a25d70143df036a1839f28343a3620a
evaluation/benchmark/expected_labels.json,4034,eff577407b054fab3f57bea6d8c35e241ffab5c3b33b1a89818bc654027ecc1a
evaluation/benchmark/prepare_dispatch_bundle.py,1790,f551716b09cd13cf715b87ce323ab0b3f972f340bdd0c7cd6152323e00082fd3
evaluation/benchmark/prompts/llm_plus_code_control_prompt.md,1570,ae74bde35e13c94b6687647379eec4ce063a4c6a0d9d5ef853089329715987a5
evaluation/benchmark/prompts/plain_llm_control_prompt.md,1523,ac6c9b5eac1b17d8fd969ae1fc9cbc04a6fc01b81eda10ddff4ed07a820c9a0c
evaluation/benchmark/run_offline_benchmark.py,9588,227f5dc5e564a87d7eefe39b28c31c5eca2a795b9afae4c13a092c34495e50cb
evaluation/benchmark/score_shared_benchmark.py,12553,4b6ce85f220590cadc3a1db9b3763c876bb80903451fddd152a7d9643f723ee3
evaluation/benchmark/shared_control_inputs.json,3913,12ccc54cc4fd6ed6e38848b38d5f44fc6996a0807f6fc64f574a46c6322c82a8
evaluation/benchmark/validate_capture.py,1687,72418ce8dc729dfb266fd7f9f395f2b2c05e05f6fb13fcb570da8c9c195100d2
evaluation/day5/README.md,9450,6f9d954f3c271ce6c9af03629087549eab1c27e39658d29ad170d36c15691c4f
evaluation/day5/WORK_SUMMARY.md,4883,00c47b8c2b63adda6345e67aa3b08a7387ee85ea5ecb1602e5056cee0a31e323
evaluation/day5/__init__.py,544,34fb1e0af8114a6ed1555eff1210b8b173eedbf1296edd4db448473af1eca410
evaluation/day5/cli.py,4112,7015727c660ec2dcff359214fe2b6d368b5dc498b2525cda56526363f61ca4e3
evaluation/day5/core.py,61646,e72b6ab089deb2b4d910a6cda9c46c3391a9038516e58fcc52fdcef48edd2bad
evaluation/day5/fair_answer_schema.json,1382,368fff8734f65ac4f47bc5e0e5666a15f9c5a951f3ace9ccfb5627dcdffb97cf
evaluation/day5/fixtures/dev_inputs.jsonl,481,5d0ac6b814af94144231a6541a69fa47f212db6c91432b0860c9a5a30c54649e
evaluation/day5/fixtures/dev_labels.jsonl,987,7cc737123aa5433dd72ace7df2b642063a77cdedfa7d22df2fda9abc0b812ce5
evaluation/day5/fixtures/evidence_registry.json,299,d04af2eacc4fad5ad0ef8ce39a56d66420b8383e4a9112e0e010a0a723fdefb2
evaluation/day5/fixtures/fair_prompt.md,305,3f583e95b9f4606141b534eb702384e65f8e5c74ef4d89df9e23b53b4b8212fe
evaluation/day5/fixtures/model_config.json,178,69547556836347cfec0e18a465636a49d26a3e48959af0d11b14f1d965bbeba5
evaluation/day5/fixtures/source_corpus_identity.json,509,947c20a456c1a8cd9d6ca0f768af83ced9100c58a994277e58b840ffe2bf8247
evaluation/day5/historical/ding_day3_synthetic_layer_c/SHA256SUMS,575,43d3cb0a96c4ad8b401209d5daf94887708429f590164159659baab0aae9fb39
evaluation/day5/historical/ding_day3_synthetic_layer_c/build_fixtures.py,11932,7803b928019f9b3957c67c81387118fd29f85942e0daa345fdfd5f68edaf9566
evaluation/day5/historical/ding_day3_synthetic_layer_c/critic_dev.jsonl,80508,3caebdb73919a304d63171c36eb19d2d3dd0baba26cc39cb790496407d86c53c
evaluation/day5/historical/ding_day3_synthetic_layer_c/critic_heldout_inputs.jsonl,196224,a412d5c3af6b4860aefb61801bcf83ab3c77c8f7e5d4a3808c4c7a1c9545084a
evaluation/day5/historical/ding_day3_synthetic_layer_c/critic_heldout_labels.jsonl,8134,06e76cd137eb8f59fa67d623fb379fed4438fbb1e7dd78e7a89fbf8fa6c75e7e
evaluation/day5/tests/test_day5_evaluation.py,19318,e479f20f90f953b1a42a0038eb3e5452e6cb4d76f5c1101db8bd7d78d97a9a12
evaluation/oracle/HUMAN_REVIEW_RECORD.template.md,1612,92cf0e2cd44ec51f4022626a47dd82a008332a5c2e963c5f6ff41c9acbd26342
evaluation/oracle/HUMAN_REVIEW_STATUS.md,863,e8c1d4e7c4c9d5802123bb1284ca5fcdcbea6d62afdbf44e13f284ebb9ec745e
evaluation/oracle/README.md,1885,ea82f622bcbf442446b37496b3873913ab809222bc2b3d39e3a09df8d5071369
evaluation/oracle/__init__.py,68,5340dc05c2da7b0d4d76a01fb138d30de3503192ec593e0a420cff70bafade6b
evaluation/oracle/frozen_control_cases.json,5000,3252e0852eb3bf5401f01ecf3db3991c9f7fff6aa42affa2969d64e540171863
evaluation/oracle/independent_oracle.py,6738,b0db451d4f704d138c6bd8ba0ba825a911ff4f8f08dbab3848916069d53d80b8
frontend/.env.example,738,6441eec324bfab05e259e4cb067a1890057da5efb747885b6c39c2e23441fc7a
frontend/.env.unreviewed-dev.example,272,220a16848f2c9fb9edc09df8d377b8459f7bb5175a8576bfef3614690afd7599
frontend/.gitattributes,54,e8c6b5b51e97945cced4aeb1bca314b1137879d7f5c311c9fc68774f415405fd
frontend/.gitignore,76,840990bbcd353a254748ea1b995d5cdf8e1ace45a26b4e82fe1cab0e9cea9337
frontend/.nvmrc,3,f14b4987904bcb5814e4459a057ed4d20f58a633152288a761214dcd28780b56
frontend/API_CONTRACT.md,16119,b7848847cd45668b6e45fe18fc2864a568a921ea76abb9d5693e26bbfefbf10a
frontend/START_PREVIEW.cmd,852,92bdd73fc16346506cdaa57ac0f8c68fa2753b34d239ae6a612bfb112719fea5
frontend/app.config.ts,50,f0b3e41c4705278d2be268954bc79e55a079f173d97b4ff5e08265e10d92c0a8
frontend/app/globals.css,109642,37dbcace8111896d41c3c146aaa3ef9c7c2a9a44a8f62d279cbbc424f9e3d062
frontend/app/icon.svg,1077,db402e8be82e59bc46b2a000acfc9a52d480ab1f64c5bb36812164cd9170bebd
frontend/app/layout.tsx,441,e8fc773a3cee1854ec084e5245a7cd847a146a63aceb0bf0fb6f5cb95990dccb
frontend/app/page.tsx,33082,b3233cc8c34afc3f6be3896d9a488f6cebd079fbb85a4e45a5b5470d5a7d5e23
frontend/builds/live/.causora-build.json,34,78e9b7ae4926741e1b37f6758a8e179eca1ec97562d6f66481501e5853849086
frontend/builds/live/404.html,6357,08fd0312cb1734d7af7910bded1c508f2dc19559b8475cbf1ccd5d8b22e86465
frontend/builds/live/_next/static/4PEWJ5UyrPbmq-yTlE3yK/_buildManifest.js,544,7e077049d4525a58e85b6a95620c1de23ca4f85ed045fb39683c187831453eaa
frontend/builds/live/_next/static/4PEWJ5UyrPbmq-yTlE3yK/_ssgManifest.js,80,678f6ce2cb80b1fe72fc67e7412be6e2ab6ada083111b64f7c40d35e3cba5e00
frontend/builds/live/_next/static/chunks/18-e14b32d9b265adb0.js,146625,31d17d39f82dd41fd4f942f5547d61933cda512d3647b29431e32886a26f5d1d
frontend/builds/live/_next/static/chunks/255-9acdc15b78d766e6.js,174163,2551c0f8d8e9da7a6a2362c4b6750ea0199675b4ce2bbfdb4b16acbec75be5dc
frontend/builds/live/_next/static/chunks/376.978318a47fc25c90.js,22620,61b43c8e2707f586beead51b4ab7f7a0b17b43fb21b82d72dc05350c21a5eb09
frontend/builds/live/_next/static/chunks/4bd1b696-c023c6e3521b1417.js,173019,2c752a401191671d5bbbe7514f5828bbb0a7cc50bfbe77ddaf1b1ccba4412ed2
frontend/builds/live/_next/static/chunks/9b0008ae.a18fb44c7ed30090.js,434761,6c822fceb8464d2ec726fca45dd726fd64e1d0e87b005a27813e228615a39114
frontend/builds/live/_next/static/chunks/app/_not-found/page-01623bcf3d61a459.js,2670,a0b2445fddcebe2b1b4d338e5a62c64ade51b3fc404c8d99bd550062a3665cdd
frontend/builds/live/_next/static/chunks/app/layout-6f9b80dd4bc53e5a.js,193,568d9fc2c65b84072e584b523f2188acfe9cf0e021f44c3f8cc3a866acf26c89
frontend/builds/live/_next/static/chunks/app/page-fa9767270cdf0fa8.js,220208,7d9105e5e30e826ac471c4a4e4976da6060428513de397ca5f10f474fd58fd4f
frontend/builds/live/_next/static/chunks/framework-4891de286d38ef96.js,219011,8a3f1bf149ca2219a01468f81f522cccfa3ab7d5120af39f70f609072abb87f6
frontend/builds/live/_next/static/chunks/main-3f069cf1b6556344.js,128474,38ac5371520d9db5104f87d7b5e4e7fdfb48f72d2ae843dfb4ede86a954bc168
frontend/builds/live/_next/static/chunks/main-app-eb0574409dc76be1.js,557,65b81bc98fe11e570566a537cd915e32561368d16a01d6c49b58362361c79ac5
frontend/builds/live/_next/static/chunks/pages/_app-7d307437aca18ad4.js,234,797ae9e9f9ae364b4152a86f0ab44d686563124477b6cb31a0f0a803243767a3
frontend/builds/live/_next/static/chunks/pages/_error-cb2a52f75f2162e2.js,218,caa848d8df48ee6a9872ae21aa7679970d832c8d0aa3611c517214e562f8aadf
frontend/builds/live/_next/static/chunks/polyfills-42372ed130431b0a.js,112594,0973c1d64c88adc8e3c950410cb58b288f72118d5965b78049438deb8f2f9683
frontend/builds/live/_next/static/chunks/webpack-52355219cf6893dc.js,3429,d3679a4792dd9d060092b680c72d976bd761bf941d16d01dca481e0a06948564
frontend/builds/live/_next/static/css/ed4274c097f3ec22.css,102161,d36d6f14bbb821d885d08b22fa9affba9046162c0e668235f6f5e38ea1ead24a
frontend/builds/live/causora-mark.png,19474,5c539cbec9c62cd53d1dfcd99683591a26903e42a139bc1b338653febe63c453
frontend/builds/live/causora-mark.svg,1077,db402e8be82e59bc46b2a000acfc9a52d480ab1f64c5bb36812164cd9170bebd
frontend/builds/live/demo/historical_demand.csv,3989,654a22f3f5433e214611f3c5a69b625bedad2d11157dedfa9cd65bbb14d3499e
frontend/builds/live/demo/opening_inventory.csv,90,c2ad7ff5d928623f69d2599fea47d20c008c3b1fdd4d3879d29dcc2799ffe067
frontend/builds/live/demo/supplier_a_agreement.pdf,7679,1e816c38cae6a045ef8b05426bb4c87ed160f119a52ac8adc65be074ef8c183f
frontend/builds/live/demo/supplier_correspondence_log.csv,414,25dcd672d60ff549d870f4b7169f9df1f4b84e0320d8861f06de3b15b43e6952
frontend/builds/live/demo/supplier_delivery_history.xlsx,6773,cabeaae5d3a9ba23f863734fca3b3080bc85d121b0dba75a7f6457fa76c56298
frontend/builds/live/golden/verified_golden_e2e.json,641119,14ba108319cb8cbbdec940eb19658aecd027a1ed802266917cc5ffaff6d0bfdf
frontend/builds/live/icon.svg,1077,db402e8be82e59bc46b2a000acfc9a52d480ab1f64c5bb36812164cd9170bebd
frontend/builds/live/index.html,32985,c1e091a7818e05a21309352f24345d482e11abf5827e5e0ec70b8495377b7dec
frontend/builds/live/index.txt,3337,7810c3855550871a3147d202996e5091699ccaea4b0ec4f412452eca75e1649d
frontend/builds/live/pdf.worker.min.mjs,1264342,9536359f1b8367850d485731ca1d5e45c159a7b7a0912325e539937aa21ceb18
frontend/builds/static/.causora-build.json,36,80f7fb5748257b96a4b09b029d52a52f0100d7ab97edaee647ae218dbffadde1
frontend/builds/static/404.html,6357,9e3d830190b95d2823255ccd1873ebb3084c6723420f5babc65e3829ddac48bf
frontend/builds/static/_next/static/chunks/18-e14b32d9b265adb0.js,146625,31d17d39f82dd41fd4f942f5547d61933cda512d3647b29431e32886a26f5d1d
frontend/builds/static/_next/static/chunks/255-9acdc15b78d766e6.js,174163,2551c0f8d8e9da7a6a2362c4b6750ea0199675b4ce2bbfdb4b16acbec75be5dc
frontend/builds/static/_next/static/chunks/376.978318a47fc25c90.js,22620,61b43c8e2707f586beead51b4ab7f7a0b17b43fb21b82d72dc05350c21a5eb09
frontend/builds/static/_next/static/chunks/4bd1b696-c023c6e3521b1417.js,173019,2c752a401191671d5bbbe7514f5828bbb0a7cc50bfbe77ddaf1b1ccba4412ed2
frontend/builds/static/_next/static/chunks/9b0008ae.a18fb44c7ed30090.js,434761,6c822fceb8464d2ec726fca45dd726fd64e1d0e87b005a27813e228615a39114
frontend/builds/static/_next/static/chunks/app/_not-found/page-01623bcf3d61a459.js,2670,a0b2445fddcebe2b1b4d338e5a62c64ade51b3fc404c8d99bd550062a3665cdd
frontend/builds/static/_next/static/chunks/app/layout-6f9b80dd4bc53e5a.js,193,568d9fc2c65b84072e584b523f2188acfe9cf0e021f44c3f8cc3a866acf26c89
frontend/builds/static/_next/static/chunks/app/page-b48a70b13df61b98.js,220217,3763e7ea19f793d79748e7e52781f9384bcd1a594d6ac844d4e74ed5cc9d7db7
frontend/builds/static/_next/static/chunks/framework-4891de286d38ef96.js,219011,8a3f1bf149ca2219a01468f81f522cccfa3ab7d5120af39f70f609072abb87f6
frontend/builds/static/_next/static/chunks/main-3f069cf1b6556344.js,128474,38ac5371520d9db5104f87d7b5e4e7fdfb48f72d2ae843dfb4ede86a954bc168
frontend/builds/static/_next/static/chunks/main-app-eb0574409dc76be1.js,557,65b81bc98fe11e570566a537cd915e32561368d16a01d6c49b58362361c79ac5
frontend/builds/static/_next/static/chunks/pages/_app-7d307437aca18ad4.js,234,797ae9e9f9ae364b4152a86f0ab44d686563124477b6cb31a0f0a803243767a3
frontend/builds/static/_next/static/chunks/pages/_error-cb2a52f75f2162e2.js,218,caa848d8df48ee6a9872ae21aa7679970d832c8d0aa3611c517214e562f8aadf
frontend/builds/static/_next/static/chunks/polyfills-42372ed130431b0a.js,112594,0973c1d64c88adc8e3c950410cb58b288f72118d5965b78049438deb8f2f9683
frontend/builds/static/_next/static/chunks/webpack-52355219cf6893dc.js,3429,d3679a4792dd9d060092b680c72d976bd761bf941d16d01dca481e0a06948564
frontend/builds/static/_next/static/css/ed4274c097f3ec22.css,102161,d36d6f14bbb821d885d08b22fa9affba9046162c0e668235f6f5e38ea1ead24a
frontend/builds/static/_next/static/jedXXN8Q6h5bXEP1QVk_b/_buildManifest.js,544,7e077049d4525a58e85b6a95620c1de23ca4f85ed045fb39683c187831453eaa
frontend/builds/static/_next/static/jedXXN8Q6h5bXEP1QVk_b/_ssgManifest.js,80,678f6ce2cb80b1fe72fc67e7412be6e2ab6ada083111b64f7c40d35e3cba5e00
frontend/builds/static/causora-mark.png,19474,5c539cbec9c62cd53d1dfcd99683591a26903e42a139bc1b338653febe63c453
frontend/builds/static/causora-mark.svg,1077,db402e8be82e59bc46b2a000acfc9a52d480ab1f64c5bb36812164cd9170bebd
frontend/builds/static/demo/historical_demand.csv,3989,654a22f3f5433e214611f3c5a69b625bedad2d11157dedfa9cd65bbb14d3499e
frontend/builds/static/demo/opening_inventory.csv,90,c2ad7ff5d928623f69d2599fea47d20c008c3b1fdd4d3879d29dcc2799ffe067
frontend/builds/static/demo/supplier_a_agreement.pdf,7679,1e816c38cae6a045ef8b05426bb4c87ed160f119a52ac8adc65be074ef8c183f
frontend/builds/static/demo/supplier_correspondence_log.csv,414,25dcd672d60ff549d870f4b7169f9df1f4b84e0320d8861f06de3b15b43e6952
frontend/builds/static/demo/supplier_delivery_history.xlsx,6773,cabeaae5d3a9ba23f863734fca3b3080bc85d121b0dba75a7f6457fa76c56298
frontend/builds/static/golden/verified_golden_e2e.json,641119,14ba108319cb8cbbdec940eb19658aecd027a1ed802266917cc5ffaff6d0bfdf
frontend/builds/static/icon.svg,1077,db402e8be82e59bc46b2a000acfc9a52d480ab1f64c5bb36812164cd9170bebd
frontend/builds/static/index.html,32985,c91e60f14f5fc6f5b46568a8effda44bef9b723c16abb331a87efdf2cf32956f
frontend/builds/static/index.txt,3337,2c06c50cc3a801f3f681e7d30abb27ec2f18835be9f9b462c5630a8c0a67c61d
frontend/builds/static/pdf.worker.min.mjs,1264342,9536359f1b8367850d485731ca1d5e45c159a7b7a0912325e539937aa21ceb18
frontend/components/app-shell.tsx,14330,3ea50cda542ac9e0fc29bc0c7debb977738d07661c84b2599b2081dbf0e3507e
frontend/components/context-deck.tsx,8625,9f7f7a6a7e298ca1af25b61bde111b783859d8d49fc5c8232af08c42a4bfd019
frontend/components/decision-moment.tsx,2568,cb2ebcb6508545686383606db342100ab5c59c75ab363d5399a280fde45795bf
frontend/components/detail-modal.tsx,18145,68c89a2da16dd4254571b90aa8ce780e438bf52853be06afd035ee13df58d3f3
frontend/components/evidence-pdf-viewer.tsx,6961,4e289553281f39867ab57a4aaa47585c1e97667e98c880be260b187b871d2810
frontend/components/live-downstream-views.tsx,23851,0b775072f745ee06c8818445e66764b98eec51dbfdacd8349bdcc64a62d7c242
frontend/components/proof-engine.tsx,18511,72fc9b0258789b60537a1217c32e7e9c46670ffb474e747ef9f2980a318fd462
frontend/components/stage-views.tsx,39662,db5bc9fbe6a21a4511da317f2c0469616a75a3f519f01ddd839533330c34f2a9
frontend/components/ui.tsx,3669,112860ee7d1ce4ab3d7ee0a311a3984a9dbfb4167440b847997cf3285e2f18a5
frontend/demo_data/causora_day1_mock.json,18390,7002888a4d9f831a7210ec0dbf6cfd556c4c22a134d41e2f0d9674689ceddf56
frontend/demo_data/supplier_correspondence_log.csv,414,25dcd672d60ff549d870f4b7169f9df1f4b84e0320d8861f06de3b15b43e6952
frontend/eslint.config.mjs,863,b164d24b479c9426f4005fbcbd4f2f8e971a0bfc76227cf9e2a5033ec9db3fad
frontend/golden/golden_run.json,19774,c8c267ec13cbd7a90201e0669cec3f3b41eef898c40660b542f11d1c6fdb1ee6
frontend/lib/boardroom-api.ts,17579,c9f88af1e08dd2af3aea3475c512711700dd875f8639c7c5ae49e53f718f1a15
frontend/lib/boardroom-template.ts,2549,ed0bbe57cd53243c86afdbcae1ebab26d263114f4efe674e362468a1926cc9dc
frontend/lib/contracts-v2-dev.ts,4136,c75cfe4272e4d3e6183c35a10e2da87e308ca088676d6abf65305a77cb9647aa
frontend/lib/contracts-v2.ts,1121,2bccbd340b475e4759fdf42ebfd5748f3b65006ff792bf11fca2060113e054af
frontend/lib/contracts.ts,8392,2c4eb25fab520c76a8d0622df3425eea443d56440a067eafdd18f148c030176d
frontend/lib/day4-types.ts,1809,77a3fd90d6af425b8a40b9fee2a820f889e000073d50a919f7c6d66761dfa970
frontend/lib/evidence-api.ts,8589,ee3e53886760fbf7f238aca07a6890bc7566a108bcc3e301691b4d640b541e5e
frontend/lib/evidence-locators.ts,3474,b8cdb291258b5c8db5368b37c84dc1052918dff957f1bcd31886bf315bab002b
frontend/lib/golden-bootstrap.ts,2671,14edfa727ba18eaccde40c0fa96fafbdd6956a1e059a9253655ef2b751f82f3b
frontend/lib/golden-cache.ts,12827,5784916ba98c2cc1a9a849b0e9d9db79a9c33b09b85c9db4afcef0cfb641af0b
frontend/lib/golden-health.ts,4522,b143a4e2027750db552657a2068f05810458aa3cf61bd9f5a6da28b31e088905
frontend/lib/metrics.ts,7051,f3a7bc5d690b110fbbae6d9827c7f1ebfc462e025dd4bb7b560ac548da30bf69
frontend/lib/simulate-api.ts,34425,402223b43f51667ea8732ffd5879314b0062f4500e881ec3c666d7e65c247808
frontend/lib/types.ts,2238,dff4f935a461293b6940fe3e19ee9e1e05aeb395ca4e0eaa1890633b4b876dc3
frontend/lib/validation.ts,14063,106d76f0013119239b44c41e0268c64bb53b2e6d170ef7ae57dd04b907a313b6
frontend/next-env.d.ts,262,85ae5aee75f011967cf2d25cbc342f62d69314e9d925f7f4aa3456fc2cffcca6
frontend/next.config.ts,334,d0a25816ca79e7f8e4cc19f74aa497ca06cd2db17375520b314d77471316cf9d
frontend/out/.causora-build.json,34,78e9b7ae4926741e1b37f6758a8e179eca1ec97562d6f66481501e5853849086
frontend/out/404.html,6357,08fd0312cb1734d7af7910bded1c508f2dc19559b8475cbf1ccd5d8b22e86465
frontend/out/_next/static/4PEWJ5UyrPbmq-yTlE3yK/_buildManifest.js,544,7e077049d4525a58e85b6a95620c1de23ca4f85ed045fb39683c187831453eaa
frontend/out/_next/static/4PEWJ5UyrPbmq-yTlE3yK/_ssgManifest.js,80,678f6ce2cb80b1fe72fc67e7412be6e2ab6ada083111b64f7c40d35e3cba5e00
frontend/out/_next/static/chunks/18-e14b32d9b265adb0.js,146625,31d17d39f82dd41fd4f942f5547d61933cda512d3647b29431e32886a26f5d1d
frontend/out/_next/static/chunks/255-9acdc15b78d766e6.js,174163,2551c0f8d8e9da7a6a2362c4b6750ea0199675b4ce2bbfdb4b16acbec75be5dc
frontend/out/_next/static/chunks/376.978318a47fc25c90.js,22620,61b43c8e2707f586beead51b4ab7f7a0b17b43fb21b82d72dc05350c21a5eb09
frontend/out/_next/static/chunks/4bd1b696-c023c6e3521b1417.js,173019,2c752a401191671d5bbbe7514f5828bbb0a7cc50bfbe77ddaf1b1ccba4412ed2
frontend/out/_next/static/chunks/9b0008ae.a18fb44c7ed30090.js,434761,6c822fceb8464d2ec726fca45dd726fd64e1d0e87b005a27813e228615a39114
frontend/out/_next/static/chunks/app/_not-found/page-01623bcf3d61a459.js,2670,a0b2445fddcebe2b1b4d338e5a62c64ade51b3fc404c8d99bd550062a3665cdd
frontend/out/_next/static/chunks/app/layout-6f9b80dd4bc53e5a.js,193,568d9fc2c65b84072e584b523f2188acfe9cf0e021f44c3f8cc3a866acf26c89
frontend/out/_next/static/chunks/app/page-fa9767270cdf0fa8.js,220208,7d9105e5e30e826ac471c4a4e4976da6060428513de397ca5f10f474fd58fd4f
frontend/out/_next/static/chunks/framework-4891de286d38ef96.js,219011,8a3f1bf149ca2219a01468f81f522cccfa3ab7d5120af39f70f609072abb87f6
frontend/out/_next/static/chunks/main-3f069cf1b6556344.js,128474,38ac5371520d9db5104f87d7b5e4e7fdfb48f72d2ae843dfb4ede86a954bc168
frontend/out/_next/static/chunks/main-app-eb0574409dc76be1.js,557,65b81bc98fe11e570566a537cd915e32561368d16a01d6c49b58362361c79ac5
frontend/out/_next/static/chunks/pages/_app-7d307437aca18ad4.js,234,797ae9e9f9ae364b4152a86f0ab44d686563124477b6cb31a0f0a803243767a3
frontend/out/_next/static/chunks/pages/_error-cb2a52f75f2162e2.js,218,caa848d8df48ee6a9872ae21aa7679970d832c8d0aa3611c517214e562f8aadf
frontend/out/_next/static/chunks/polyfills-42372ed130431b0a.js,112594,0973c1d64c88adc8e3c950410cb58b288f72118d5965b78049438deb8f2f9683
frontend/out/_next/static/chunks/webpack-52355219cf6893dc.js,3429,d3679a4792dd9d060092b680c72d976bd761bf941d16d01dca481e0a06948564
frontend/out/_next/static/css/ed4274c097f3ec22.css,102161,d36d6f14bbb821d885d08b22fa9affba9046162c0e668235f6f5e38ea1ead24a
frontend/out/causora-mark.png,19474,5c539cbec9c62cd53d1dfcd99683591a26903e42a139bc1b338653febe63c453
frontend/out/causora-mark.svg,1077,db402e8be82e59bc46b2a000acfc9a52d480ab1f64c5bb36812164cd9170bebd
frontend/out/demo/historical_demand.csv,3989,654a22f3f5433e214611f3c5a69b625bedad2d11157dedfa9cd65bbb14d3499e
frontend/out/demo/opening_inventory.csv,90,c2ad7ff5d928623f69d2599fea47d20c008c3b1fdd4d3879d29dcc2799ffe067
frontend/out/demo/supplier_a_agreement.pdf,7679,1e816c38cae6a045ef8b05426bb4c87ed160f119a52ac8adc65be074ef8c183f
frontend/out/demo/supplier_correspondence_log.csv,414,25dcd672d60ff549d870f4b7169f9df1f4b84e0320d8861f06de3b15b43e6952
frontend/out/demo/supplier_delivery_history.xlsx,6773,cabeaae5d3a9ba23f863734fca3b3080bc85d121b0dba75a7f6457fa76c56298
frontend/out/golden/verified_golden_e2e.json,641119,14ba108319cb8cbbdec940eb19658aecd027a1ed802266917cc5ffaff6d0bfdf
frontend/out/icon.svg,1077,db402e8be82e59bc46b2a000acfc9a52d480ab1f64c5bb36812164cd9170bebd
frontend/out/index.html,32985,c1e091a7818e05a21309352f24345d482e11abf5827e5e0ec70b8495377b7dec
frontend/out/index.txt,3337,7810c3855550871a3147d202996e5091699ccaea4b0ec4f412452eca75e1649d
frontend/out/pdf.worker.min.mjs,1264342,9536359f1b8367850d485731ca1d5e45c159a7b7a0912325e539937aa21ceb18
frontend/package-lock.json,211149,b028899d698bfcfd2e5a0a32e19951a9d541db4eda6b7422fe7238d2c12afed4
frontend/package.json,1843,50bb88e93b9cde834e326bccb0ff0ce0690ef32992d60296b176d1b5d386e94d
frontend/public/causora-mark.png,19474,5c539cbec9c62cd53d1dfcd99683591a26903e42a139bc1b338653febe63c453
frontend/public/causora-mark.svg,1077,db402e8be82e59bc46b2a000acfc9a52d480ab1f64c5bb36812164cd9170bebd
frontend/public/demo/historical_demand.csv,3989,654a22f3f5433e214611f3c5a69b625bedad2d11157dedfa9cd65bbb14d3499e
frontend/public/demo/opening_inventory.csv,90,c2ad7ff5d928623f69d2599fea47d20c008c3b1fdd4d3879d29dcc2799ffe067
frontend/public/demo/supplier_a_agreement.pdf,7679,1e816c38cae6a045ef8b05426bb4c87ed160f119a52ac8adc65be074ef8c183f
frontend/public/demo/supplier_correspondence_log.csv,414,25dcd672d60ff549d870f4b7169f9df1f4b84e0320d8861f06de3b15b43e6952
frontend/public/demo/supplier_delivery_history.xlsx,6773,cabeaae5d3a9ba23f863734fca3b3080bc85d121b0dba75a7f6457fa76c56298
frontend/public/golden/verified_golden_e2e.json,641119,14ba108319cb8cbbdec940eb19658aecd027a1ed802266917cc5ffaff6d0bfdf
frontend/public/pdf.worker.min.mjs,1264342,9536359f1b8367850d485731ca1d5e45c159a7b7a0912325e539937aa21ceb18
frontend/scripts/build-previews.mjs,1608,6ce5ee3a91998896cb51a23357020234adf40f3704451cd5995116582227a91a
frontend/scripts/copy-pdf-worker.mjs,599,7dffed9e66302da1bc8c807b7d0031f6654b89ac7e6535a37a2106f3a7065b04
frontend/scripts/freeze-golden.mjs,2028,498d26fdcc4ee31affa91e07b6c394380722ab736c7691cdca902bb224b47df6
frontend/scripts/generate-demo-fixtures.py,7172,40fb6dd8d6cc6ffd4cec9c788827d9eab54d27aca7280b358bb61a0d4ba414ee
frontend/scripts/serve-static.mjs,4558,b7d1c8945350d0d474525b392e046e24e035c19aa8266f01832cc6049f6b559e
frontend/scripts/start-mode.mjs,705,f960a4a01c365b62cdd021b392fb1689d79aaa3627430d1cb6a4e0648e433bc3
frontend/scripts/verify-golden-e2e.mjs,2193,642905c901a0cf98a4b70685cada50342988754afa6138140329f90ae1f46dad
frontend/tests/day1-flow.test.mjs,20758,aad5178c78af9e4619c0d7181ba12be041e59352735a7b6492a68b53dc094074
frontend/tests/day2-ux.test.mjs,5956,e8ca0781148a2ab6d92437cf2cda0ee5ea37bfdc10758a7ed70b8a9dc32e3a55
frontend/tests/day4-api.test.mjs,21826,6638e1bf52433b33636f163f2211cfb886f8161bd40e2defeb6007175eef4419
frontend/tests/day5-wang-request-lifecycle.test.mjs,7816,e66bdc25cd3a9ceb88087e30ab64c812095af37bf6f632ae7c09a55e607d0a6d
frontend/tests/fixtures/reviewed-v2-TEST_FIXTURE_ONLY.json,1250406,93fd3736530d09bea2eda7af0ea03548aa4af5148b23fd1b014a231a034f2716
frontend/tests/golden-bootstrap.test.mjs,4743,fe3a3fbd682f1843f1abc2e6b632d396b0722f09600b1b77aa83b84dbd8476be
frontend/tests/golden-health.test.mjs,6177,0110b9c93af7843184bf556733055c48f2948678392397f01ddcad3b7f6e3a27
frontend/tests/simulate-api.test.mjs,17600,b5d28a29bfbb67637ed4e600ccffe8f72ee2d988380fc121d8a2bb4030922fc9
frontend/tests/static-server.test.mjs,7415,4fab8cf288faff2c35ee7c8be5b2c686115ddea9b9921b53e0093d657fba634c
frontend/tests/toolchain-boundary.test.mjs,1153,73ca30ac77a75be97a4940ddfca338156c6a46c6350ef0d684bcf6c1f6bf4ae7
frontend/third_party/pdfjs-dist/LICENSE,10174,0d542e0c8804e39aa7f37eb00da5a762149dc682d7829451287e11b938e94594
frontend/tsconfig.json,563,f9231e4c2e6c7857d2d307424c1c1116c49347fd4d43887f7ce509df7dcc7704
frontend/vercel.json,414,1231882e9c664d9faa89c70a0c161e4764370fe405e115d121b95ea0ae643e7a
release/TEAM_APPROVAL_SOURCE.json,982,23148dc8a75a642790cd7bbc5793f7454963d1f24afb1a8c742c080e65154b39
release/model_policy.APPROVED.json,1504,fc524acc87bfd86f62f3eb1d9594b5a605f343c71d28e27bdc7d5d1c9f11faba
release/policy_approval.APPROVED.json,2154,fe5a4adf94fc3c8d9d7c3de214ed59f8b721462695166f5c484e3394110c8786
release/trace_release.RELEASED.json,2085,cb417a78cfa349f2460145de6303a6ae71cad06cc38ad9ba30a2371028ee9825
render.yaml,1032,8cd8ee9142b96d19cc3df6ec230dcca149b452b458aae06531d76a81cdb13656
requirements-day5-tested.txt,792,1e5c879d1c0529cbdd324b4b7ab561c4d88a1ddc67435542ac8fa47a49d2b314
scripts/package_day5.py,4783,942e9cbf7120b4d42bb191fb9f635f5707a1c3ffa59eab76f9e57401ca7aa813
scripts/setup-windows.ps1,1500,fef8d31098ca0239a5f170955b36bdbb2aea9919c188ccc27960fc8848ee96a5
scripts/start-day5.ps1,549,c126310417e792d014066ae1c20178f74ffa688e9fa4ba8505b8c301e1095cd8
scripts/start_day5.py,5061,7ec02bbd7eb19708337bd9f66ba16ea969cfe82e221a13551d95cb9cfc07a1cf
scripts/summarize_offline_day5.py,4463,cc77090e16b2b634ee5d7ad1878d08b769e5092cc50a8e9c2c913699d1a3bdb6
scripts/test_day5.py,4435,58100edad9fac195d5c80de0baa67765fcb8a66fff0c337187a1ca8d47314bea
scripts/verify_day5_local.py,5809,6c32d005d41e9d1ba421d5ede065639eca97d05b3cf515d6386c872ff73e2c04
scripts/verify_package.py,1873,15b50bfb7c59b7e67cd54213ab624f78d0fc506bf21ecf6f8e70d2ff08729caa
verification/day5-current/AI-测试结果.md,1229,d1203042664858f61a4116b7e3c59a0d031509fbe68b57451543c64635f8bbc7
verification/day5-current/Day5-三方案对比报告.md,2630,7e23c222faac978ad1e0a2c6a1a0bcc39e2c3b5693809c1c2d4bb298caae35a3
verification/day5-current/Day5-真实用户测试记录.md,1359,124db287a3a39467bf4ef2a40d810e60ab2c6e022de03e90b6f48e825b4ebeb4
verification/day5-current/Day5-验收清单.md,2067,e4630d4707160aa7ce45d7be06592669072d1431b23fae0e96b93277ce1a4d1d
verification/day5-current/Deng Jinzhu-Day5测试记录.md,1403,cb81e89157dba325b69306a9ddd1cd0ccb94a9c62efe057e60a00bf727f79ce4
verification/day5-current/Wang Hao-Day5测试记录.md,1400,091e3d610b607d17d5ee0c5be06b186a544c0ee98d41857845bdd2ff3c96291b
verification/day5-current/WangHao-反馈处理与复测.md,3912,6c447facbd269a2b1ec172d608ce5b6affa71b8c5b2719d2b9fd30640fc2524e
verification/day5-current/WangHao-收到的原始测试记录.md,12296,ec6862262b16008edea4579e3815166d3df8461dcee2c7927c35ab9eb0f0cce9
verification/day5-current/WangHao-收到的复测记录.md,14196,cda2235d7ee0e47cf293f86acf53e77431d8df7e83012166847f28ca3c5ab97d
verification/day5-current/WangHao-最终确认的测试记录.md,13982,66376e176faef8d559735422fe74951e58b809b7fae68516d35a73b691d26893
verification/day5-current/WangHao-版本已补充的复测记录.md,13984,78ef11f8d7527667928947a820356a86c1908c88b0c16eaaf96fe53f70569473
verification/day5-current/benchmark_actual_comparison.json,12854,74dc428f0de6cc24354d0967375e15984a14fbb481ee79d2c1ec294de03a6b3d
verification/day5-current/benchmark_current.json,9509,e362d94d553ba47d57a5e3303d8d8212567ac3588918b6dfa7c242d2e7c69ab1
verification/day5-current/comparison-budget.json,2525,d928f33209c0a3cb3624fbde409c02372c809de9ac840cf3252861561a0d7234
verification/day5-current/comparison-code-execution.log,3791,88d9ea08719eb3f3f0d6446d70fcbbb551c0d4bd405bcf9ec84758594d6d2b8f
verification/day5-current/comparison-model-generated-calculation.py,10301,32d9762db7e4d7e4b305614b1dd9eef4273fd0a43f18b536948d70dc6daeb9d7
verification/day5-current/health.json,368,8960678874019bb7eaa21a2f028db5098d74f1577fd3d57fb0041bbd8298b787
verification/day5-current/independent_oracle_current.json,5308,892ebaa0ecfaa5296ea2a23e4ddb503228fc017bc4669aa6ad5f291d248455fe
verification/day5-current/live-formula.png,69375,a5f146925941b9470918c59901a0fe4f5e7a258771e4475baf246219601b322d
verification/day5-current/llm_plus_code_capture.json,6395,161b357b321debcbdecbac0df07d607710dc90ae88ec3beeddcb48a78fbf8269
verification/day5-current/llm_plus_code_dispatch.md,6705,9dad32e193e2cbb2b119ff188776001478b1f3592e11aad59308e273ad1681bb
verification/day5-current/local-ai-simulation-trace.json,1220971,9b645dc429ae95d0abd6503dfcba1be2e55e579f439eb52a71fbe66573101868
verification/day5-current/local-reviewed-boardroom-response.json,5260,4c24e6dd4a8df44ebf9f496cb56708dafd3d8c927342dfb90c3ab68d1d66dc45
verification/day5-current/plain_llm_capture.json,4376,5b5a2d922cc0f9b2180a4b051e998c4cfae359dab5e232596e36cd2714d16af2
verification/day5-current/plain_llm_dispatch.md,6654,cbfa259ed93afb67a61ae7a8dd9aa88eef30d13223d69920012c12d2cf82d390
verification/day5-current/public-simulation-repeat-check.json,15264,9b2993f7e17366578ec32cca171f1138c45268942c2e4a26a72f2196f940e7aa
verification/day5-current/simulation.json,1188602,ad803e92cfef87e2f77e3bddf30e709a8892e7f63f167a63c5443dcd8c3036a0
verification/day5-current/verified-replay.png,110508,c1c6b797b0ea29b0403a0eb6fefa5f2771b69ff0eabfa0e11db3faec484aaaf5
verification/day5-current/wang-feedback-fix.png,99608,f8823c54fb69ff50dfaed6260f06b41b7ae91820e5416fcc14bc69c96628a29e
verification/day5-final-backend-tests.txt,793,5ea22f5cd258746839429c337a2074a2b933ae10ecd09a216de714572a35457e
verification/day5-final-preflight.json,245,3502a217dd91cbc79e236a0d1d7ce288abdbc817247626ce4b51bb3645af225e
verification/day5-performance-1000.json,3351,8ff508b9211007dd810cf1119a6fd50a5b66eceafbfb139b02c0e4e69dec8ef5
verification/day5-performance-10000.json,3359,9e01b93e69aeddaf4286ba58380b73952a2a1181409be36f843c50e039df45fc
verification/g4-final/verified_golden_e2e.json,641119,14ba108319cb8cbbdec940eb19658aecd027a1ed802266917cc5ffaff6d0bfdf
verification/wang-day5/OFFLINE_AND_REAL_METRICS.json,3485,46185571e2df64ea76281a45e5a17a5bba9eac6993387cc53a3709e740454f9f
verification/wang-day5/ai/FINAL_REVIEW_ADDENDUM.md,2925,6e2fddacc7a95aa2e9939c5e4d869e0009320336382c90c8700c446b3e6d108b
verification/wang-day5/ai/WORK_SUMMARY.md,5118,f0a14dabb0b9dcd37a95739bdcc87ab4f47562dcc97df1a37eb41fd25ab9c622
verification/wang-day5/ai/clean_complete_fixture.json,11526,663e1c8d0e5f9be231ae1c68757a3b7a3118c245294dbb6c5166bebec3485bbc
verification/wang-day5/ai/contract_prompt_injection.json,662,889a4bdfbf19b54bdbc810ceddf1e732c5440af3e3808c9fe157cfb1c48d9600
verification/wang-day5/ai/critic_malformed_json_shape.json,12110,8c75e4224b6279d67a7d8d14967325cfb653709052ef842e3b6fd12cd9ff6c8a
verification/wang-day5/ai/critic_missing.json,12124,50600e3aa6da8c48ea986671958e52665c868cb1cbcf79b6538a46243a321b03
verification/wang-day5/ai/critic_timeout.json,12091,bffeb7c43fc767106312c653a7a04267c73c2ec2be70ca9d683262a2ec454491
verification/wang-day5/ai/d2_b_only_not_diversified.json,2289,a2316df10c008b8aa40a10593eea75ed2e86829decdecaae27979f3498df193c
verification/wang-day5/ai/final-offline-evaluation-with-units.log,947,212c736cc44eb7bb2fbe4d0572a53be39d0c63e97bd732a426c8ef986cd54730
verification/wang-day5/ai/final-offline-evaluation.log,947,2c870089e0028be55cc3a27bff3c3f1edce663b9f20c154f9d487c9f84d4862e
verification/wang-day5/ai/final-offline-evaluation/clean_complete_fixture.json,1294999,bea0819fb8ed58f6e5eb3bc44c6dd96df88d762e20ce677687a2d6f4e90ecf40
verification/wang-day5/ai/final-offline-evaluation/contract_prompt_injection.json,1284097,c0bcc0bdae00738dad9f2131e319b9df80de5d7701aae2499918db472914888c
verification/wang-day5/ai/final-offline-evaluation/critic_malformed_json_shape.json,1295585,ad9bdcb66354fed5a93dabc9b73c1a0427419c852b55e2543f027051cabda17e
verification/wang-day5/ai/final-offline-evaluation/critic_missing.json,1295595,bbefe54e5137707a75c0d2a9e74683f87afd46bc444d584417f71533127f0e02
verification/wang-day5/ai/final-offline-evaluation/critic_timeout.json,1295564,c682a98c4507a2c650ee4686ddb9627dd566f23a879078d9b39a375584be4c4b
verification/wang-day5/ai/final-offline-evaluation/d2_b_only_not_diversified.json,1285057,6dfb359aeb29415c9a6d09a3542bf5b258e646e054d1b1511829e8812849e87e
verification/wang-day5/ai/final-offline-evaluation/freeze.json,4149,d835eeb08b0fdde372930d33ce97174ea1ac90f341817118b664abd49bea1af8
verification/wang-day5/ai/final-offline-evaluation/mc_matrix_trace_immutable.json,1295007,537b119004ee9de23b55660e34eac50cc5465ec70b67f2a6fb0ea6d0c4451757
verification/wang-day5/ai/final-offline-evaluation/no_feasible_zero_calls.json,1287441,bd7662f0cd837a2b23f6935f919171730904208897ad4f621208b6ae6a7cdc48
verification/wang-day5/ai/final-offline-evaluation/numeric_percentage_point_tamper.json,1285703,b4b37a86bfa65f0d92e27a683fe8558eba4f4b810cddb14a786bc25f9323ea40
verification/wang-day5/ai/final-offline-evaluation/offline-ai-evidence.jsonl,9709532,f5862d2473ca7d56cdc46c5dd9f13e432b93fa264d61b585f6752267062e8a20
verification/wang-day5/ai/final-offline-evaluation/offline-ai-summary.json,932,9546a35ddd7497147e5fa0d7dea69775f7da5357549c5b1dcb7a8490371fd3ba
verification/wang-day5/ai/final-offline-evaluation/role_identity_mismatch.json,1285697,9f0da5091927f1b4931b1cda72ac57a9ad0090ae1f9d9cfb4936af88a7134c34
verification/wang-day5/ai/final-offline-evaluation/role_missing_json_fields.json,1285310,77b64fddd0604b8aea56b148dfd192936bda40a06e04b12c6afeaf8848b34761
verification/wang-day5/ai/final-offline-evaluation/source_evidence_prompt_injection.json,1284100,06f8320e3d60250d79c29c7711c05de33c066687f98fce6310b7a89ab7d0bdbd
verification/wang-day5/ai/final-offline-evaluation/system-prompt-frozen.txt,2206,1059cf5f1964db8e92eb8ae46bb24c7c4a938565372ed696f62b6fe96b3b6e3a
verification/wang-day5/ai/final-offline-evaluation/unsupported_existing_evidence_citation.json,1287646,eeee1b6a3970530cc2fc25d2b6613952c740bc62dd0853b54a1bc39d80f53686
verification/wang-day5/ai/final-offline-evaluation/wrong_evidence_id.json,1285563,0061a5dd28eeeaab4df952b720e931ea96ec6e3cf46384e7eae4df69bdb64038
verification/wang-day5/ai/green-compileall.log,15,5d3ef99083b15a7dc019919549d09b4968089a3cf8d3d6ccb989589362a532ed
verification/wang-day5/ai/green-evidence-support-after-fix.log,100,9e0259d32bc5a77a74c6fb942a7e4df6b95a89659499dab90c6f0e07fa5da12d
verification/wang-day5/ai/green-option-description-injection-after-fix.log,78,312a07bb072d4b0d2f2a2e7a19ecd816b7fdc522182bd7b3f2a2a3e6a3221a74
verification/wang-day5/ai/green-percentage-points-after-fix.log,203,f4b76a8613f2fddbe988443204943056361e40ec5a70274580484ffd1f9f1b3e
verification/wang-day5/ai/green-tests-day5.log,115,25d4b6480b9350486df85aee730ae51f6b2258f86d8f14c4ed945283a3176cd8
verification/wang-day5/ai/identity-binding-fixture-error.log,1234,e9b314b24fdba9fac00db3d7ca4eb2744fad8c74ac017ce84d56839bb7b6c0b5
verification/wang-day5/ai/identity-binding-tests.log,98,88da021324d6d242d588113c1a55da88adaf9d53beca1d0f36a813392ea4bc30
verification/wang-day5/ai/mc_matrix_trace_immutable.json,11534,b76f164e31708090d0b12c01dfbd99533a7ea6da0919de6f7b3462fee76379f6
verification/wang-day5/ai/no_feasible_zero_calls.json,2989,4411f7cc7b682443958b68c29365dd50f92340e488b5a3f85483003c1fe36714
verification/wang-day5/ai/number-statements-tests.log,99,d7bdabb3e3edbfb67ad5bec5f31715a2491c085d687c3885395e58b8c2dc44be
verification/wang-day5/ai/number-statements-with-units-tests.log,99,75dd5011aaf0cfb47371b28ef247febe5563634e5776266aa1e79884fe1b0a0a
verification/wang-day5/ai/numeric-statements.json,22193,43d826c0ffd74703dba81da1a9fb32016e20cdc83ebbe67c85d86fa30e696c77
verification/wang-day5/ai/numeric_percentage_point_tamper.json,2230,ab766763694140ce5c750e2c2edbb411f5b62aff27397fe95cf1d67f3cdec6a1
verification/wang-day5/ai/offline-ai-evidence.jsonl,57621,bfcdbfa1078fe9d0c52d75b61b6e557cd36ac44a4effcfae8aca4d43626f156c
verification/wang-day5/ai/offline-ai-summary.json,980,a5442741ffdfcce323ed303fd57df1faf914737cb6ce524c779e404167be807c
verification/wang-day5/ai/prior-semantic-failure/final-before-time-unit-suffix/clean_complete_fixture.json,1295001,ace9f9900620dd185c3ea5a4f754a81b6c630ddd07ff204a6b1f3bca064e62ac
verification/wang-day5/ai/prior-semantic-failure/final-before-time-unit-suffix/contract_prompt_injection.json,1284097,c0bcc0bdae00738dad9f2131e319b9df80de5d7701aae2499918db472914888c
verification/wang-day5/ai/prior-semantic-failure/final-before-time-unit-suffix/critic_malformed_json_shape.json,1295584,81ebad2cb91c160e2325784d90ed64071034f4ff23fe3aa2e6200d69391be69e
verification/wang-day5/ai/prior-semantic-failure/final-before-time-unit-suffix/critic_missing.json,1295597,93f518552c59218d9b46bd4b9ff375fa201268511db689677fcfb1f41ed84588
verification/wang-day5/ai/prior-semantic-failure/final-before-time-unit-suffix/critic_timeout.json,1295564,086b931cd1f5e470670c88d09ce06c1c439e7e5befdccc73a300816e9b740fe9
verification/wang-day5/ai/prior-semantic-failure/final-before-time-unit-suffix/d2_b_only_not_diversified.json,1285057,6dfb359aeb29415c9a6d09a3542bf5b258e646e054d1b1511829e8812849e87e
verification/wang-day5/ai/prior-semantic-failure/final-before-time-unit-suffix/freeze.json,4149,636f8335dc2caccdff74803710dd0fa692800dca8bdc77b9289b1a91f224d308
verification/wang-day5/ai/prior-semantic-failure/final-before-time-unit-suffix/mc_matrix_trace_immutable.json,1295007,c813cf4e1df4efafbf6e908a5105fcf5b94722c9002133d4fdd4ad160a569122
verification/wang-day5/ai/prior-semantic-failure/final-before-time-unit-suffix/no_feasible_zero_calls.json,1287441,bd7662f0cd837a2b23f6935f919171730904208897ad4f621208b6ae6a7cdc48
verification/wang-day5/ai/prior-semantic-failure/final-before-time-unit-suffix/numeric_percentage_point_tamper.json,1285703,b4b37a86bfa65f0d92e27a683fe8558eba4f4b810cddb14a786bc25f9323ea40
verification/wang-day5/ai/prior-semantic-failure/final-before-time-unit-suffix/offline-ai-evidence.jsonl,9709535,6b421478afa3974aaa1aba7ccd549bbb57f8655e5794e672ea017b8d403cb457
verification/wang-day5/ai/prior-semantic-failure/final-before-time-unit-suffix/offline-ai-summary.json,932,0e7d98f0566a2ad6d2a0b61984295c76f2e659f6ed0f016d49a98a3ff5ed139f
verification/wang-day5/ai/prior-semantic-failure/final-before-time-unit-suffix/role_identity_mismatch.json,1285697,9f0da5091927f1b4931b1cda72ac57a9ad0090ae1f9d9cfb4936af88a7134c34
verification/wang-day5/ai/prior-semantic-failure/final-before-time-unit-suffix/role_missing_json_fields.json,1285310,77b64fddd0604b8aea56b148dfd192936bda40a06e04b12c6afeaf8848b34761
verification/wang-day5/ai/prior-semantic-failure/final-before-time-unit-suffix/source_evidence_prompt_injection.json,1284100,06f8320e3d60250d79c29c7711c05de33c066687f98fce6310b7a89ab7d0bdbd
verification/wang-day5/ai/prior-semantic-failure/final-before-time-unit-suffix/system-prompt-frozen.txt,2206,1059cf5f1964db8e92eb8ae46bb24c7c4a938565372ed696f62b6fe96b3b6e3a
verification/wang-day5/ai/prior-semantic-failure/final-before-time-unit-suffix/unsupported_existing_evidence_citation.json,1287646,eeee1b6a3970530cc2fc25d2b6613952c740bc62dd0853b54a1bc39d80f53686
verification/wang-day5/ai/prior-semantic-failure/final-before-time-unit-suffix/wrong_evidence_id.json,1285563,0061a5dd28eeeaab4df952b720e931ea96ec6e3cf46384e7eae4df69bdb64038
verification/wang-day5/ai/prior-semantic-failure/numeric-statements-first16.json,18739,22804ac93df46196e58de5ee121671dcd6b3e1a7d3562d3a615b69ad87b0d146
verification/wang-day5/ai/prior-semantic-failure/offline-ai-evidence.jsonl,57621,bfcdbfa1078fe9d0c52d75b61b6e557cd36ac44a4effcfae8aca4d43626f156c
verification/wang-day5/ai/prior-semantic-failure/offline-ai-summary.json,980,a5442741ffdfcce323ed303fd57df1faf914737cb6ce524c779e404167be807c
verification/wang-day5/ai/prior-semantic-failure/test-record-before-fix.py,10270,420523c58660f161dcfc5696e98d20b7b2950042ec1cca85a126a5509278c34e
verification/wang-day5/ai/prior-semantic-failure/unsupported_existing_evidence_citation.json,11212,f864520e4ffb7ea94abe3677b461af9ccdd8e2ba7ad9221957f710934fac01a2
verification/wang-day5/ai/red-evidence-support-before-fix.log,14398,4b62b0bef50230dfdbf3d825b390f0bc51c18835cc76c98353c00272c7f979ac
verification/wang-day5/ai/red-option-description-injection-before-fix.log,943,99e67a293137b9309a1db61de5d2d38a74647fbf275b79b2c11f35986ccfd0f0
verification/wang-day5/ai/red-percentage-points-before-fix.log,413,cda248038b34865b3c1393465ee77e365ae1eee88c16ad167d6789836a90e67d
verification/wang-day5/ai/role_identity_mismatch.json,2224,ac3c02f0d00aa9ab44818814914fa35e9828f1b249a93ac525fca405aad02b71
verification/wang-day5/ai/role_missing_json_fields.json,1837,689acbd09a9520022375a75c5548aeaad56376ca14e287113c0bfbb7bee90fc0
verification/wang-day5/ai/source_evidence_prompt_injection.json,677,fb0e4b69d1715fd81c7b9fc531b2b118c15c60ddb087bd08fe43daab061acd06
verification/wang-day5/ai/time-unit-original-vs-final.json,1282,1151c3b7cc7b46a12454eb42de788a0092b1b805defad249f8251d504d1e98cd
verification/wang-day5/ai/unsupported_existing_evidence_citation.json,11212,f864520e4ffb7ea94abe3677b461af9ccdd8e2ba7ad9221957f710934fac01a2
verification/wang-day5/ai/wrong_evidence_id.json,2090,0b7b0af3f35f923972e709aa8112e72d466bacb638e5037f98bf8c0d4c86ea69
verification/wang-day5/baseline/DENG_ORIGINAL_FILE_LIST.csv,16452,0dba6abd31ccafc3b16bb1138a8e57f14b7b5bca4931a8b9a22dcdc6f97507a9
verification/wang-day5/baseline/DENG_ORIGINAL_MANIFEST.sha256,35865,587f2a5fee0a9154e3d1a0523c8b8e617f7ca3552774436ecee882cbc939a9b7
verification/wang-day5/baseline/environment.json,183,12b9c36693197c9f5bfd94a6bed88b1437b6422adb12b8d9d636f45f8c25acc4
verification/wang-day5/baseline/original-files.json,38402,7f116be1a20b8d1ded28d7d993573ef4bd86d5f885efe2389f10485dd1054240
verification/wang-day5/baseline/python-tested.freeze.txt,767,ac79131ea1f1071705380bb4cc90076850fe4d2d0c85c73c4e1b85fbaff29569
verification/wang-day5/evaluation/CORPUS_AUDIT.md,3963,3ce4d1a67d38f8521f9b9754c9ec38b60a1a5c5ffd5d4700380b15a1fed8a4dd
verification/wang-day5/evaluation/OLD_BENCHMARK_REVIEW.md,2545,c9131366d2263b5aae3cfdf2119cec6cecc84ecd677bbd27dd92fd2aa31e0edf
verification/wang-day5/evaluation/corpus_audit.json,5880,d65e5c67d266cae3f3ba7ebe3e979fadce13d8725e33656fe76b2107b90a515b
verification/wang-day5/evaluation/day5_evaluation_pytest.log,1029,b881101407550d14f54d8daa881cd0f2fc4c35386f770c976f227f029bb010a6
verification/wang-day5/evaluation/dev-fixture-freeze-provisional.json,2630,8fc299aee70448977b1124d60a60d74dd46ae058b3fcd22fb206fd11e99a0fd5
verification/wang-day5/evaluation/dev-fixture-freeze.json,2630,39b0da2bbe5226ef18d8ee43b006e21644daf99ddd87661f4fd58d935e58a1b1
verification/wang-day5/evaluation/dev-input-only-dispatch.json,796,1d14f3e9018318a0a1fd683b2e725dda66ca7f07cd842c1d85a4806917b50a8d
verification/wang-day5/evaluation/metrics.json,1258,e680adce59c3a5e4cbaec9c05f015c692b1c78efeb77911d046cabe03f640e6b
verification/wang-day5/final-one-command/ai-tests_day5.log,180,683e05c109c5c12ea3a1c405b40a4061682581f2fe37ea04c9fbf5971acd045f
verification/wang-day5/final-one-command/backend.log,669,d1afa59d4380f2481105d1b37a37bad7c7a4485011e11331f92c686f4c29de39
verification/wang-day5/final-one-command/evaluation-final.log,99,19e0443fd7acb6dbd43dafa60f23dc9005774e58bea4563b78e823825c02e02a
verification/wang-day5/final-one-command/evaluation-final.xml,2894,8465f06d86eaaa31749ad3e726fbf33f5943e31792b65bb252c5eb2a0f5cfe98
verification/wang-day5/final-one-command/evaluation.log,99,729498e5bb74791c449bd81daae53960afaea75639e4957a5f7dd233cc52234e
verification/wang-day5/final-one-command/frontend-build.log,2225,e4b4f1bc0d3ee7e07aa57600f59e8cbad79106ffe88522c501849fdf6b067d21
verification/wang-day5/final-one-command/frontend-lint.log,61,554b6ed3aa5051778a3a28964f7fcaeb7aeb163935b0b42aac31b662b109b7a0
verification/wang-day5/final-one-command/frontend-production.log,888,a6a318b2ce41ea3f1eee74237a9e6fe181df475442c9ef06c43480dee139aaf1
verification/wang-day5/final-one-command/frontend-typecheck.log,53,449d9078736b46f70494d2ed4215c8607519e7f8d3b914f1d47404e67f9b4864
verification/wang-day5/final-one-command/frontend.log,14519,75a4cf4604d7b976c6b5aed2a1e53b9e7bb49ee244329f37e85fb970646b393b
verification/wang-day5/final-one-command/local-http.log,134,317a05acadcb283f64c33fc912d9b40e1d38ceb751a87ecf80250f53162e102c
verification/wang-day5/final-one-command/local-http/backend.log,1215,941eb777dc81301cf8281a80c74461563d8d072d36bce7bf41a398fa3fb0b0f0
verification/wang-day5/final-one-command/local-http/http-smoke.json,2690723,82cddc131c507fe2ac3ccc0514d14b17d03182409c33db2add70ed72616b43e8
verification/wang-day5/final-one-command/release-config.log,66,c82a9f5eda72c051ee76f9d244e38bb6e1575f07b0f5e8b0e7f48a8d1849dfe0
verification/wang-day5/final-one-command/summary.json,3158,3d4e151957191a17d4823b59e07fed76f7e6cf56181302a707fc495f99a96d80
verification/wang-day5/final-regression/ai.log,100,ad18125116ddaf1776663ef35798ab0ddaaf3ba1e8b0100980a9d8854d8814fa
verification/wang-day5/final-regression/ai.xml,11289,fe46da4ff2a1f06a4ced995c0d3271cab94246b7e5cdcdd8a02c6939a7ed8324
verification/wang-day5/final-regression/backend.log,669,d723cc7244e9dde3ea5b80ec1fb655a03e99b7ad19362454103473b3c8f63379
verification/wang-day5/final-regression/backend.xml,15002,4b52ed01b5c7b70556cca0600363049cef9248f6392d2757132fa3b184730f54
verification/wang-day5/final-regression/frontend-build-and-check.log,3227,739460f8eb217be4727ebe4c67cb46288e44f14e5c72631a5a7bd12b9817a11d
verification/wang-day5/final-regression/frontend.log,14523,1ace96dd027294bd5590a4b1599ca62795ea928d2e3c16bac1c377c4e5999add
verification/wang-day5/frozen-and-historical-integrity.json,1784,b4c6269c8bf3c07bb0473c5143acb39a11fa8691bc4f22e2da834a272723b0a0
verification/wang-day5/integration/WORK_SUMMARY.md,6451,bf5f49f9c49d508f2d99369d793c8d5fa47f3adfcbc9273eb495487c612cbb9f
verification/wang-day5/launcher-runtime-check.json,161,92cccf2ed2657532dacaed95a7838fee12c116b80b8dd65849ce2ee7eff5e7bb
verification/wang-day5/local-http/backend.log,1213,dae58e41202c4b6bbf9148a0407dfe86dafbd589773d3ccaa2ff748f6f3bc34d
verification/wang-day5/local-http/http-smoke.json,2690723,e9ccba4898ee27ec7fb85abbb5906c6c3aa7370d07e00864a50fdebf7f5c7879
verification/wang-day5/logs/backend-day5-wang-green.log,619,929f092fb2c10b5bbe3308d8f29ad0044dc7e126203908754d24dde481372909
verification/wang-day5/logs/backend-day5-wang-prefx-red.log,6257,79a36d3646b78f9f2d5a5394fb080fc5b5ff74c9260e253ad2a5fc14900e77e4
verification/wang-day5/logs/backend-full-suite-green.log,684,9cb323d39e9f9f2584e157ba964ad757aeeefdf529269aef43351cfc3e6ad166
verification/wang-day5/logs/baseline-backend.log,661,19922277dadfa430ef4cabaddc7d166b91b3506b41a3620478f6a2e74d01fa46
verification/wang-day5/logs/baseline-backend.xml,14011,bfa8ddcbf9938b5c6e3c255ca320282cd811b8efa6c8053eed17f9ef685555e2
verification/wang-day5/logs/baseline-frontend.log,13274,dbd6984f42c31986f5bc13a65b5a88bebda3809b67a1b09bbb5cd05c97b41ac8
verification/wang-day5/logs/baseline-lint.log,61,554b6ed3aa5051778a3a28964f7fcaeb7aeb163935b0b42aac31b662b109b7a0
verification/wang-day5/logs/baseline-missing-launchers.json,305,94b66c53a6a4625d2dbd885ac1efbca0d267e762ca0eec49c4ee8947af395d1e
verification/wang-day5/logs/baseline-typecheck.log,53,449d9078736b46f70494d2ed4215c8607519e7f8d3b914f1d47404e67f9b4864
verification/wang-day5/logs/evaluation-dispatch.log,796,1d14f3e9018318a0a1fd683b2e725dda66ca7f07cd842c1d85a4806917b50a8d
verification/wang-day5/logs/evaluation-freeze-check.log,2630,39b0da2bbe5226ef18d8ee43b006e21644daf99ddd87661f4fd58d935e58a1b1
verification/wang-day5/logs/evaluation-freeze-provisional.log,2630,8fc299aee70448977b1124d60a60d74dd46ae058b3fcd22fb206fd11e99a0fd5
verification/wang-day5/logs/evaluation-freeze.log,2630,39b0da2bbe5226ef18d8ee43b006e21644daf99ddd87661f4fd58d935e58a1b1
verification/wang-day5/logs/final-evaluation-freeze-check.log,2630,39b0da2bbe5226ef18d8ee43b006e21644daf99ddd87661f4fd58d935e58a1b1
verification/wang-day5/logs/final-one-command.log,310,1028ab3eb5850803ee181c449e4ac3a99d34f31a6b4b3a3cfdd223720ac095b2
verification/wang-day5/logs/frontend-build.log,2548,f9eae405f93643bd6064af48eefc125f298fff823f3fad8786f76f429a5da563
verification/wang-day5/logs/frontend-day5-wang-green.log,14037,fa73d7c94d1fc9b21ccdecce7b0979e11ccea43a5b23b2b76130325cb6a826b7
verification/wang-day5/logs/frontend-day5-wang-prefx-red.log,15778,fd8eb9f45385a35b1eadb68284c8dc3230c21e9a9a61877f515c7a024f003bf6
verification/wang-day5/logs/frontend-full-plus-wang-green.log,14284,a9c416025b75263a1ad83fc90bd9f1e53e21429ee1a0b8717b32cc7f0734a9d2
verification/wang-day5/logs/frontend-full-suite-green.log,13283,9a5fb34a36e4c430d517f9046e47568187f364287224751641d5e417eda35386
verification/wang-day5/logs/frontend-lint-green.log,76,9790a2a2e50d3c3a1b0424084ed64ab0eb8d179f5714016f322cdbefcef77bc0
verification/wang-day5/logs/frontend-typecheck-green.log,68,023153e4e6a5b6048901f2e24f1df03cc70d565165fa006e2f710e43d50c36d4
verification/wang-day5/logs/install-frontend.log,725,dcd46a46a1546eb09a944ba77d38fd661aff8f956e3b9c86aecc41029a7df2e3
verification/wang-day5/logs/install-python.log,17187,bbf64b0a1d98774ba56da7d9a4437da2515db0ae977361f26026f714ef7dc505
verification/wang-day5/logs/launcher-safety-tests.log,98,651660ff45a517b93320a7926cbcdfb6876945d52ae47af2cf59fadd66ba8bc0
verification/wang-day5/logs/local-http-smoke.log,134,317a05acadcb283f64c33fc912d9b40e1d38ceb751a87ecf80250f53162e102c
verification/wang-day5/logs/local-launcher-runtime.log,680,c659b344e54194371274b274506b60b4106bf58c63c26e333162328d5db40728
verification/wang-day5/logs/offline-metrics-summary.log,1914,e0df8b65720464cce18b3d365ad53acee2644ff2ae2327596ec388061aeeb996
verification/wang-day5/logs/production-frontend.log,890,450a5059799918445ee5191514c83aa3dc60ed6c57fcbe3c65fed0b60cd83f89
verification/wang-day5/merge-and-change-record.json,12816,9b9e4a470cb8bb586763061d74ee93e1e6a1b5a22f2254f1bff019b7469b24b9
verification/wang-day5/public-readonly-status.json,2608,d2cf45d855ded149d91ea2133e295e25fc5c77c86b1445f3bac05535cd69ddee
verification/wang-day5/security-and-release-audit.json,2029,e5fbceb3d82b7f0b34c0754dcf670af7cd1d66b50b38acbf91ce6273c069ed24
verification/wang-day5/testcases/day5-wang-lifecycle.json,2448,cc2f2331c1af1a02b11b8474c90d4a0376c09f0044dcb8e31952ac942398a65a
verification/wang-day5/version_comparison.json,51270,4f61dfc3061b29049602bd4da4109484829239c1da28212f7c29b99bbcf6be89
verification/wang-day5/zip-retest/http-smoke.json,2690723,1bc91b8c94d8cf02dfe55cfab3dbfee21028ba73547bfa5e8e1ad6a77913f956
verification/wang-day5/zip-retest/zip-ai-evaluation-tests.log,181,0324e659aae20f43a6a95bb2ce3a079e3f32cdc6ddb79764b7d8c12aa33f0015
verification/wang-day5/zip-retest/zip-local-http.log,134,317a05acadcb283f64c33fc912d9b40e1d38ceb751a87ecf80250f53162e102c
verification/wang-day5/zip-retest/zip-relocated-freeze-check.log,2630,39b0da2bbe5226ef18d8ee43b006e21644daf99ddd87661f4fd58d935e58a1b1
