scenario,option,expectedTcoUsd,stockoutProbability,serviceLevel,cashP90Usd,purchase,holding,stockoutLoss,renewalPremium,terminationFee
baseline,D0,365811,0.919,0.9975587333515997,369631,317232,3849,318,44412,0
baseline,D1,348040,0.008,0.9999872470571912,348723,318240,3590,2,26208,0
baseline,D2,356665,0.895,0.9923284518883901,361811,326365,4301,999,0,25000
demand-drop,D0,310547,0.259,0.9997254931734355,316020,268824,4058,30,37635,0
demand-drop,D1,358161,0,1,358829,318240,13713,0,26208,0
demand-drop,D2,306401,0.956,0.9898072769330017,312919,275965,4310,1126,0,25000
lead-stress,D0,361502,0.881,0.9971134174902078,364775,313692,3517,376,43917,0
lead-stress,D1,347640,0.006,0.9999973879514729,348159,318240,3192,0,26208,0
lead-stress,D2,356665,0.895,0.9923284518883901,361811,326365,4301,999,0,25000
